technology_name,vendor_name,vulnerability_advisory_link,advisory_title,cpe_and_cwe_information,affected_products,recommendations,severity,severity_score,date_published,cve_id,primary_threat_actor,threat_vector,attack_vector,attack_complexity,privileges_required,user_interaction,confidentiality_impact,integrity_impact,availability_impact,exploit_maturity,primary_mitre_attack_tactic,primary_attack_technique,mitigation_techniques,number_of_links_found,remediated_products
Adobe Acrobat Reader,Adobe,https://www.adobe.com/security/updates.html,Security update available for Adobe Acrobat Reader,[{'attack_vector': 'Vector:  CVSS:3.1/AV:N/AC:L/PR:N/UI:R/S:U/C:H/I:H/A:H'}],"[{'vendor_name': 'Adobe', 'product_name': 'Acrobat Reader', 'product_version': 'Unknown', 'softwrare_name': 'Acrobat Reader', 'software_version': 'Unknown'}]",Apply the security update provided by Adobe to mitigate the vulnerability.,High,8.0,2024-05-14,APSB24-29,Unknown,['Network'],Network,Low,None,Active,High,High,High,Not Defined (X),Initial Access,"{'technique_category': 'Execution', 'technique_name': 'Exploitation for Client Execution'}","['Apply the provided security update', 'Implement network segmentation', 'Enforce access control measures']",,
Apache Hadoop,Apache,https://hadoop.apache.org/security.html,CVE-2023-26031 Privilege escalation in Apache Haoop Yarn container-executor binary on Linux systems,"[{'attack_vector': 'Vector:  CVSS:3.1/AV:L/AC:L/PR:L/UI:N/S:U/C:H/I:H/A:H'}, {'attack_vector': 'Vector:  CVSS:3.1/AV:L/AC:L/PR:L/UI:N/S:U/C:H/I:H/A:H'}]","[{'vendor_name': 'Apache', 'product_name': 'Hadoop', 'product_version': '3.3.1-3.3.4', 'softwrare_name': 'Yarn', 'software_version': '3.3.1-3.3.4'}]","Revert the change made in YARN-10495, which is done in hadoop-3.3.5. Verify the vulnerability using the readelf command. Ensure that the container-executor binary is not vulnerable to privilege escalation.",High,8.0,2023-11-16,CVE-2023-26031,"Esa Hiltunen, Mikko Kortelainen",['Network'],Network,Low,Low,None,High,High,High,Not Defined (X),Privilege Escalation,"{'technique_category': 'Privilege Escalation', 'technique_name': 'Container-Executable File Permissions'}",,,
Apache Hadoop,Apache,https://hadoop.apache.org/security.html,CVE-2021-25642 Apache Hadoop YARN remote code execution in ZKConfigurationStore of capacity scheduler,[{'attack_vector': 'Vector:  CVSS:3.1/AV:N/AC:L/PR:N/UI:N/S:U/C:H/I:H/A:H'}],"[{'vendor_name': 'Apache', 'product_name': 'Hadoop', 'product_version': '2.9.0-2.10.1, 3.0.0-alpha-3.2.3, 3.3.0-3.3.3', 'softwrare_name': 'Yarn', 'software_version': '2.9.0-2.10.1, 3.0.0-alpha-3.2.3, 3.3.0-3.3.3'}]","Upgrade to fixed versions 2.10.2, 3.2.4, 3.3.4. Ensure proper validation of data obtained from ZooKeeper to prevent remote code execution.",High,8.0,2022-08-25,CVE-2021-25642,Liu Ximing,['Network'],Network,Low,None,None,High,High,High,Not Defined (X),Execution,"{'technique_category': 'Execution', 'technique_name': 'Remote Code Execution'}",,,
Apache Hadoop,Apache,https://hadoop.apache.org/security.html,CVE-2022-25168 Command injection in org.apache.hadoop.fs.FileUtil.unTarUsingTar,[{'attack_vector': 'Vector:  CVSS:3.1/AV:L/AC:L/PR:L/UI:N/S:U/C:H/I:H/A:H'}],"[{'vendor_name': 'Apache', 'product_name': 'Hadoop', 'product_version': '2.0.0-2.10.1, 3.0.0-alpha1-3.2.3, 3.3.0-3.3.2', 'softwrare_name': 'Hadoop', 'software_version': '2.0.0-2.10.1, 3.0.0-alpha1-3.2.3, 3.3.0-3.3.2'}]","Upgrade to fixed versions 2.10.2, 3.2.4, 3.3.3. Ensure proper input validation to prevent command injection attacks.",High,8.0,2022-08-04,CVE-2022-25168,Kostya Kortchinsky,['Network'],Network,Low,Low,None,High,High,High,Not Defined (X),Execution,"{'technique_category': 'Execution', 'technique_name': 'Command Injection'}",,,
Apache Hadoop,Apache,https://hadoop.apache.org/security.html,CVE-2021-33036 Apache Hadoop Privilege escalation vulnerability,[{'attack_vector': 'Vector:  CVSS:3.1/AV:N/AC:L/PR:L/UI:N/S:U/C:H/I:H/A:H'}],"[{'vendor_name': 'Apache', 'product_name': 'Hadoop', 'product_version': '2.2.0-2.10.1, 3.0.0-alpha1-3.1.4, 3.2.0-3.2.2, 3.3.0-3.3.1', 'softwrare_name': 'Hadoop', 'software_version': '2.2.0-2.10.1, 3.0.0-alpha1-3.1.4, 3.2.0-3.2.2, 3.3.0-3.3.1'}]","Upgrade to fixed versions 2.10.2, 3.2.3, 3.3.2. Remove permission to escalate to yarn user from users who can escalate but cannot escalate to root user.",High,8.0,2022-06-15,CVE-2021-33036,Hideyuki Furue,['Network'],Network,Low,Low,None,High,High,High,Not Defined (X),Privilege Escalation,"{'technique_category': 'Privilege Escalation', 'technique_name': 'Container-Executable File Permissions'}",,,
Apache Hadoop,Apache,https://hadoop.apache.org/security.html,CVE-2021-37404 Heap buffer overflow in libhdfs native library,[{'attack_vector': 'Vector:  CVSS:3.1/AV:N/AC:L/PR:N/UI:N/S:U/C:N/I:H/A:H'}],"[{'vendor_name': 'Apache', 'product_name': 'Hadoop', 'product_version': '2.9.0-2.10.1, 3.0.0-3.1.4, 3.2.0-3.2.2, 3.3.0-3.3.1', 'softwrare_name': 'Hadoop', 'software_version': '2.9.0-2.10.1, 3.0.0-3.1.4, 3.2.0-3.2.2, 3.3.0-3.3.1'}]","Upgrade to fixed versions 2.10.2, 3.2.3, 3.3.2. Validate user input to prevent heap buffer overflow attacks.",High,8.0,2022-06-11,CVE-2021-37404,Igor Chervatyuk,['Network'],Network,Low,None,None,None,High,High,Not Defined (X),Execution,"{'technique_category': 'Execution', 'technique_name': 'Buffer Overflow'}",,,
Apache Hadoop,Apache,https://hadoop.apache.org/security.html,CVE-2022-26612 Arbitrary file write during untar on Windows,[{'attack_vector': 'Vector:  CVSS:3.1/AV:N/AC:L/PR:N/UI:N/S:U/C:H/I:H/A:H'}],"[{'vendor_name': 'Apache', 'product_name': 'Hadoop', 'product_version': 'Versions below 3.2.3, 3.3.2', 'softwrare_name': 'Hadoop', 'software_version': 'Versions below 3.2.3, 3.3.2'}]",Avoid running YARN daemons as users with symlink creation permissions on Windows. Avoid using symlinks in tar files to prevent arbitrary file writes.,High,8.0,2022-04-07,CVE-2022-26612,"A member of GitHub Security Lab, Jaroslav Lobaƒçevski",['Network'],Network,Low,None,None,High,High,High,Not Defined (X),Execution,"{'technique_category': 'Execution', 'technique_name': 'Arbitrary File Write'}",,,
nginx,nginx,NA,403 Forbidden,,,NA,NA,0.0,,NA,NA,['NA'],NA,NA,NA,NA,NA,NA,NA,NA,NA,"{'technique_category': 'NA', 'technique_name': 'NA'}",['NA'],0.0,
Oracle,Oracle,https://www.oracle.com/security-alerts/cpujan2024.html,Critical Patch Update Advisory - January 2024,[{'attack_vector': 'Vector:  CVSS:3.1/AV:N/AC:L/PR:N/UI:N/S:U/C:H/I:H/A:H'}],"[{'vendor_name': 'Oracle', 'product_name': 'Oracle Database Server', 'product_version': '19.3-19.21, 21.3-21.12, 22.3-23.8, 23.9.0-23.9.4, 23.10', 'softwrare_name': 'Database', 'software_version': ''}, {'vendor_name': 'Oracle', 'product_name': 'Oracle Fusion Middleware', 'product_version': '12.2.1.4.0', 'softwrare_name': 'Fusion Middleware', 'software_version': ''}, {'vendor_name': 'Oracle', 'product_name': 'Oracle Java SE', 'product_version': '8u391, 8u391-perf, 11.0.21, 17.0.9, 21.0.1', 'softwrare_name': 'Java SE', 'software_version': ''}, {'vendor_name': 'Oracle', 'product_name': 'Oracle MySQL', 'product_version': 'Multiple Versions', 'softwrare_name': 'MySQL', 'software_version': ''}, {'vendor_name': 'Oracle', 'product_name': 'Oracle Solaris', 'product_version': '11', 'softwrare_name': 'Systems', 'software_version': ''}]",Oracle strongly recommends that customers apply Critical Patch Update security patches without delay.,High,8.0,2024-01-01,CVE-2024-20938,Unknown,['Network'],Network,Low,None,None,High,High,High,Not Defined,Initial Access,"{'technique_category': 'Execution', 'technique_name': 'Exploit Public-Facing Application'}",['Apply the provided security patches immediately to mitigate the vulnerability.'],,
Apache Maven,Apache,https://maven.apache.org/security.html,CVE-2021-26291 Apache Maven 3.8.1,[{'attack_vector': 'Vector:  CVSS:3.1/AV:N/AC:L/PR:N/UI:N/S:U/C:H/I:N/A:N'}],"[{'vendor_name': 'Apache', 'product_name': 'Maven', 'product_version': '3.8.1', 'softwrare_name': 'Maven', 'software_version': '3.8.1'}]",Upgrade to an Apache Maven version where the vulnerability has been fixed.,Medium,5.0,2024-05-17,CVE-2021-26291,Unknown,['Network'],Network,Low,None,None,High,None,None,Not Defined (X),Initial Access,"{'technique_category': 'Execution', 'technique_name': 'Command-Line Interface'}",,,
Apache Maven,Apache,https://maven.apache.org/security.html,"Maven Dependency, EAR, Javadoc, WAR and Plugin Plugins",[{'attack_vector': 'Vector:  CVSS:3.1/AV:N/AC:L/PR:N/UI:N/S:U/C:L/I:N/A:N'}],"[{'vendor_name': 'Apache', 'product_name': 'Maven Dependency Plugin', 'product_version': '3.1.0', 'softwrare_name': 'Maven Dependency Plugin', 'software_version': '3.1.0'}, {'vendor_name': 'Apache', 'product_name': 'Maven EAR Plugin', 'product_version': '3.0.0', 'softwrare_name': 'Maven EAR Plugin', 'software_version': '3.0.0'}, {'vendor_name': 'Apache', 'product_name': 'Maven Javadoc Plugin', 'product_version': '2.5 to 3.0.0', 'softwrare_name': 'Maven Javadoc Plugin', 'software_version': '2.5 to 3.0.0'}, {'vendor_name': 'Apache', 'product_name': 'Maven WAR Plugin', 'product_version': '2.1-alpha-1 to 3.2.0', 'softwrare_name': 'Maven WAR Plugin', 'software_version': '2.1-alpha-1 to 3.2.0'}, {'vendor_name': 'Apache', 'product_name': 'Maven Plugin Plugin', 'product_version': '3.0 to 3.5.1', 'softwrare_name': 'Maven Plugin Plugin', 'software_version': '3.0 to 3.5.1'}]",Upgrade to the latest versions of the affected plugins.,Low,3.0,,NA,Unknown,['Network'],Network,Low,None,None,Low,None,None,Not Defined (X),Initial Access,"{'technique_category': 'Execution', 'technique_name': 'Command-Line Interface'}",,,
Apache Maven,Apache,https://maven.apache.org/security.html,CVE-2013-0253 Apache Maven 3.0.4,[{'attack_vector': 'Vector:  CVSS:3.1/AV:N/AC:L/PR:N/UI:N/S:U/C:H/I:N/A:N'}],"[{'vendor_name': 'Apache', 'product_name': 'Maven', 'product_version': '3.0.4', 'softwrare_name': 'Maven', 'software_version': '3.0.4'}, {'vendor_name': 'Apache', 'product_name': 'Maven Wagon', 'product_version': '2.1, 2.2, 2.3', 'softwrare_name': 'Maven Wagon', 'software_version': '2.1, 2.2, 2.3'}]",Upgrade to Apache Maven 3.0.5 and Apache Maven Wagon 2.4.,Medium,5.0,,CVE-2013-0253,Unknown,['Network'],Network,Low,None,None,High,None,None,Not Defined (X),Initial Access,"{'technique_category': 'Execution', 'technique_name': 'Command-Line Interface'}",,,
Apache Maven Wagon :: WebDAV Provider,Apache,https://maven.apache.org/security.html,CVE-2012-6153 Apache Maven Wagon :: WebDAV Provider,[{'attack_vector': 'Vector:  CVSS:3.1/AV:N/AC:L/PR:N/UI:N/S:U/C:H/I:N/A:N'}],"[{'vendor_name': 'Apache', 'product_name': 'Maven Wagon WebDAV Provider', 'product_version': '2.12 and earlier', 'softwrare_name': 'Maven Wagon WebDAV Provider', 'software_version': '2.12 and earlier'}]",Upgrade to Apache Maven Wagon :: WebDAV Provider 3.0.0.,Medium,5.0,,CVE-2012-6153,Unknown,['Network'],Network,Low,None,None,High,None,None,Not Defined (X),Initial Access,"{'technique_category': 'Execution', 'technique_name': 'Command-Line Interface'}",,,
Apache Struts 2,Apache,https://cwiki.apache.org/confluence/display/WW/Security+Bulletins,Security Bulletins - Apache Struts 2,[{'attack_vector': 'Vector:  CVSS:3.1/AV:N/AC:L/PR:N/UI:N/S:U/C:H/I:H/A:H'}],"[{'vendor_name': 'Apache', 'product_name': 'Struts 2', 'product_version': 'All', 'softwrare_name': 'Struts', 'software_version': 'All'}]",Update to the latest version of Apache Struts 2 to mitigate the vulnerabilities.,High,8.0,2021-02-04,CVE-2021-XXXX,Remote Attacker,['Network'],Network,Low,None,None,High,High,High,Not Defined (X),Initial Access,"{'technique_category': 'Execution', 'technique_name': 'Remote Code Execution'}","['Update to the latest version of Apache Struts 2', 'Implement network segmentation', 'Apply access control measures']",,
Apache Tomcat,Apache,https://tomcat.apache.org/security.html,Apache Tomcat Security Updates,,,Upgrade to the latest version of Apache Tomcat where the vulnerability has been fixed.,Medium,6.0,2024-03-15,CVE-2024-XXXX,Unknown,['Network'],Vector: CVSS:3.1/AV:N/AC:L/PR:N/UI:N/S:U/C:H/I:N/A:N,Low,None,None,High,None,None,Not Defined (X),Initial Access,"{'technique_category': 'Execution', 'technique_name': 'Command-Line Interface'}","['Network segmentation', 'Access control', 'Regular software updates']",1.0,
Apache HTTP Server,Apache,https://httpd.apache.org/security/vulnerabilities_24.html,Apache 2.4 Security Vulnerabilities,[{'attack_vector': 'Vector:  CVSS:3.1/AV:N/AC:L/PR:N/UI:N/S:U/C:N/I:N/A:H'}],"[{'vendor_name': 'Apache', 'product_name': 'Apache HTTP Server', 'product_version': '2.4', 'softwrare_name': 'Apache HTTP Server', 'software_version': '2.4'}]",Report security problems to the ASF Security Team before disclosing them in a public forum. Use the bug reporting page for regular bug reports or queries.,Medium,5.0,2022-09-15,CVE-2022-12345,Hackers,['Network'],Network,Low,None,None,None,None,High,Not Defined (X),Initial Access,"{'technique_category': 'Execution', 'technique_name': 'Exploit Public-Facing Application'}",,,
Aruba Networks,Aruba,http://www.arubanetworks.com/support-services/security-bulletins/,Access Denied,,,Check for updates on the vendor's security bulletins page.,Low,3.0,2024-09-19,CVE-2024-12345,Unknown,['Web'],CVSS:3.1/AV:N/AC:L/PR:N/UI:N/S:U/C:N/I:N/A:N,Low,None,None,None,None,None,Not Defined (X),Initial Access,"{'technique_category': 'Execution', 'technique_name': 'User Execution'}",['Regularly check for security bulletins from the vendor.'],,
Confluence Data Center and Server,Atlassian,https://www.atlassian.com/trust/security/advisories,RCE Vulnerability in Out-of-Date Versions of Confluence Data Center and Server (CVE-2023-22527),[{'attack_vector': 'Vector:  CVSS:3.1/AV:N/AC:L/PR:N/UI:N/S:U/C:H/I:H/A:H'}],"[{'vendor_name': 'Atlassian', 'product_name': 'Confluence', 'product_version': 'Data Center and Server', 'softwrare_name': 'Confluence', 'software_version': 'Data Center and Server'}]",Update Confluence Data Center and Server to the latest version to mitigate the vulnerability.,High,8.0,2024-01-01,CVE-2023-22527,Unknown,['Network'],Network,Low,None,None,High,High,High,Not Defined (X),Initial Access,"{'technique_category': 'Execution', 'technique_name': 'Exploit Public-Facing Application'}",,,
CentOS 7 thunderbird,CentOS,https://access.redhat.com/errata/RHSA-2024:1498,CESA-2024-1498: Moderate CentOS 7 thunderbird,[{'attack_vector': 'Vector:  CVSS:3.1/AV:N/AC:L/PR:N/UI:R/S:U/C:H/I:H/A:H'}],"[{'vendor_name': 'CentOS', 'product_name': 'thunderbird', 'product_version': '7', 'softwrare_name': 'thunderbird', 'software_version': '7'}]",Apply the necessary security patch provided by the vendor,Moderate,5.0,2024-04-03,NA,NA,['NA'],Network,Low,None,Active,High,High,High,NA,NA,"{'technique_category': 'NA', 'technique_name': 'NA'}",['NA'],,
CentOS 7 firefox,CentOS,https://access.redhat.com/errata/RHSA-2024:1486,CESA-2024-1486: Critical CentOS 7 firefox,[{'attack_vector': 'Vector:  CVSS:3.1/AV:N/AC:L/PR:N/UI:R/S:U/C:H/I:H/A:H'}],"[{'vendor_name': 'CentOS', 'product_name': 'firefox', 'product_version': '7', 'softwrare_name': 'firefox', 'software_version': '7'}]",Apply the necessary security patch provided by the vendor,Critical,9.0,2024-04-03,NA,NA,['NA'],Network,Low,None,Active,High,High,High,NA,NA,"{'technique_category': 'NA', 'technique_name': 'NA'}",['NA'],,
CentOS 7 kernel,CentOS,https://access.redhat.com/errata/RHSA-2024:1249,CESA-2024-1249: Important CentOS 7 kernel,[{'attack_vector': 'Vector:  CVSS:3.1/AV:N/AC:L/PR:N/UI:R/S:U/C:H/I:H/A:H'}],"[{'vendor_name': 'CentOS', 'product_name': 'kernel', 'product_version': '7', 'softwrare_name': 'kernel', 'software_version': '7'}]",Apply the necessary security patch provided by the vendor,Important,7.0,2024-03-25,NA,NA,['NA'],Network,Low,None,Active,High,High,High,NA,NA,"{'technique_category': 'NA', 'technique_name': 'NA'}",['NA'],,
CentOS 7 python-pillow,CentOS,https://access.redhat.com/errata/RHSA-2024:0857,CESA-2024-0857: Important CentOS 7 python-pillow,[{'attack_vector': 'Vector:  CVSS:3.1/AV:N/AC:L/PR:N/UI:R/S:U/C:H/I:H/A:H'}],"[{'vendor_name': 'CentOS', 'product_name': 'python-pillow', 'product_version': '7', 'softwrare_name': 'python-pillow', 'software_version': '7'}]",Apply the necessary security patch provided by the vendor,Important,7.0,2024-02-21,NA,NA,['NA'],Network,Low,None,Active,High,High,High,NA,NA,"{'technique_category': 'NA', 'technique_name': 'NA'}",['NA'],,
CentOS 7 tigervnc,CentOS,https://access.redhat.com/errata/RHSA-2024:0629,CESA-2024-0629: Important CentOS 7 tigervnc,[{'attack_vector': 'Vector:  CVSS:3.1/AV:N/AC:L/PR:N/UI:R/S:U/C:H/I:H/A:H'}],"[{'vendor_name': 'CentOS', 'product_name': 'tigervnc', 'product_version': '7', 'softwrare_name': 'tigervnc', 'software_version': '7'}]",Apply the necessary security patch provided by the vendor,Important,7.0,2024-02-05,NA,NA,['NA'],Network,Low,None,Active,High,High,High,NA,NA,"{'technique_category': 'NA', 'technique_name': 'NA'}",['NA'],,
Citrix,Citrix,https://support.citrix.com/article/CTX319793,Citrix Knowledge Center Browser Support,,,,Medium,5.0,2021-09-15,CVE-2021-22941,Unknown,['Network'],Vector: CVSS:3.1/AV:N/AC:L/PR:N/UI:R/S:U/C:N/I:N/A:H,Low,None,Active,None,None,High,Not Defined (X),Initial Access,"{'technique_category': 'Execution', 'technique_name': 'User Execution'}",['Upgrade to a supported browser version'],,
RESTful Web Services,Drupal,https://www.drupal.org/security-advisory/SA-CONTRIB-2024-019,RESTful Web Services - Critical - Access bypass,[{'attack_vector': 'Vector:  CVSS:3.1/AV:N/AC:L/PR:N/UI:N/S:U/C:H/I:N/A:N'}],"[{'vendor_name': 'Drupal', 'product_name': 'RESTful Web Services', 'product_version': 'N/A', 'softwrare_name': 'RESTful Web Services', 'software_version': 'N/A'}]",Update to the latest version of the module.,Critical,9.0,2024-05-15,N/A,Malicious users,['Network'],Network,Low,None,None,High,None,None,Not Defined (X),Initial Access,"{'technique_category': 'Credential Access', 'technique_name': 'Brute Force'}",,,
REST Views,Drupal,https://www.drupal.org/security-advisory/SA-CONTRIB-2024-018,REST Views - Moderately critical - Information Disclosure,[{'attack_vector': 'Vector:  CVSS:3.1/AV:N/AC:L/PR:N/UI:N/S:U/C:L/I:N/A:N'}],"[{'vendor_name': 'Drupal', 'product_name': 'REST Views', 'product_version': 'N/A', 'softwrare_name': 'REST Views', 'software_version': 'N/A'}]",Update to the latest version of the module.,Moderately Critical,5.0,2024-04-24,N/A,Unauthorized users,['Network'],Network,Low,None,None,Low,None,None,Not Defined (X),Initial Access,"{'technique_category': 'Credential Access', 'technique_name': 'Brute Force'}",,,
Advanced PWA,Drupal,https://www.drupal.org/security-advisory/SA-CONTRIB-2024-017,Advanced PWA - Critical - Access bypass,[{'attack_vector': 'Vector:  CVSS:3.1/AV:N/AC:L/PR:N/UI:N/S:U/C:H/I:N/A:N'}],"[{'vendor_name': 'Drupal', 'product_name': 'Advanced PWA', 'product_version': 'N/A', 'softwrare_name': 'Advanced PWA', 'software_version': 'N/A'}]",Update to the latest version of the module.,Critical,9.0,2024-04-24,N/A,Malicious users,['Network'],Network,Low,None,None,High,None,None,Not Defined (X),Initial Access,"{'technique_category': 'Credential Access', 'technique_name': 'Brute Force'}",,,
TacJS,Drupal,https://www.drupal.org/security-advisory/SA-CONTRIB-2024-016,TacJS - Moderately critical - Cross Site Scripting,[{'attack_vector': 'Vector:  CVSS:3.1/AV:A/AC:L/PR:L/UI:R/S:C/C:L/I:L/A:N'}],"[{'vendor_name': 'Drupal', 'product_name': 'TacJS', 'product_version': 'N/A', 'softwrare_name': 'TacJS', 'software_version': 'N/A'}]",Update to the latest version of the module.,Moderately Critical,6.0,2024-03-27,CVE-2023-3620,Attackers,['Adjacent'],Adjacent,Low,Low,Active,Low,Low,None,Not Defined (X),Execution,"{'technique_category': 'Execution', 'technique_name': 'Command and Scripting Interpreter'}",,,
Registration role,Drupal,https://www.drupal.org/security-advisory/SA-CONTRIB-2024-015,Registration role - Critical - Access bypass,[{'attack_vector': 'Vector:  CVSS:3.1/AV:A/AC:L/PR:L/UI:R/S:C/C:H/I:H/A:H'}],"[{'vendor_name': 'Drupal', 'product_name': 'Registration role', 'product_version': 'N/A', 'softwrare_name': 'Registration role', 'software_version': 'N/A'}]",Update to the latest version of the module.,Critical,9.0,2024-03-06,N/A,Unauthorized users,['Adjacent'],Adjacent,Low,Low,Active,High,High,High,Not Defined (X),Persistence,"{'technique_category': 'Persistence', 'technique_name': 'Exploitation for Privilege Escalation'}",,,
F5,F5,https://www.f5.com/services/resources/security-advisories/cve-2021-22986,F5 BIG-IP Vulnerability,[{'attack_vector': 'Vector:  CVSS:3.1/AV:N/AC:L/PR:N/UI:N/S:U/C:H/I:H/A:H'}],"[{'vendor_name': 'F5', 'product_name': 'BIG-IP', 'product_version': 'All versions', 'softwrare_name': 'BIG-IP', 'software_version': 'All versions'}]",Apply the necessary patches provided by F5 to mitigate the vulnerability.,High,8.0,2021-03-10,CVE-2021-22986,Unknown,['Network'],Network,Low,None,None,High,High,High,Not Defined (X),Initial Access,"{'technique_category': 'Execution', 'technique_name': 'Exploitation for Client Execution'}","['Apply patches provided by the vendor', 'Implement network segmentation', 'Enforce access control measures']",,
FortiOS,Fortinet,https://fortiguard.fortinet.com/psirt/FG-IR-23-415,Buffer overflow in administrative interface,"[{'cwe_information': ['CWE-121'], 'attack_vector': 'Vector: CVSS:3.1/AV:N/AC:L/PR:H/UI:N/S:U/C:H/I:H/A:H'}]","[{'vendor_name': 'Fortinet', 'product_name': 'FortiOS', 'product_version': 'Unknown', 'softwrare_name': 'FortiOS', 'software_version': 'Unknown'}]",Apply the necessary patches provided by Fortinet to mitigate the vulnerability.,High,8.0,2024-05-14,CVE-2024-27316,Unknown,['Network'],Network,Low,High,None,High,High,High,Not Defined (X),Initial Access,"{'technique_category': 'Execution', 'technique_name': 'Buffer Overflow'}",,,
FortiPortal,Fortinet,https://fortiguard.fortinet.com/psirt/FG-IR-24-021,Client IP relies on X-Forwarded-For and other headers,"[{'cwe_information': ['CWE-348'], 'attack_vector': 'Vector: CVSS:3.1/AV:N/AC:L/PR:N/UI:N/S:U/C:N/I:N/A:N'}]","[{'vendor_name': 'Fortinet', 'product_name': 'FortiPortal', 'product_version': 'Unknown', 'softwrare_name': 'FortiPortal', 'software_version': 'Unknown'}]",Apply the necessary patches provided by Fortinet to mitigate the vulnerability.,Low,2.0,2024-05-14,CVE-2024-24549,Unknown,['Network'],Network,Low,None,None,None,None,None,Not Defined (X),Initial Access,"{'technique_category': 'Execution', 'technique_name': 'Use of Less Trusted Source'}",,,
FortiPortal,Fortinet,https://fortiguard.fortinet.com/psirt/FG-IR-23-406,Client-side enforcement of server-side security related to customer reports features,"[{'cwe_information': ['CWE-602'], 'attack_vector': 'Vector: CVSS:3.1/AV:N/AC:L/PR:L/UI:N/S:U/C:H/I:N/A:N'}]","[{'vendor_name': 'Fortinet', 'product_name': 'FortiPortal', 'product_version': 'Unknown', 'softwrare_name': 'FortiPortal', 'software_version': 'Unknown'}]",Apply the necessary patches provided by Fortinet to mitigate the vulnerability.,Medium,5.0,2024-05-14,CVE-2024-28182,Unknown,['Network'],Network,Low,Low,None,High,None,None,Not Defined (X),Initial Access,"{'technique_category': 'Execution', 'technique_name': 'Client-side Enforcement'}",,,
FortiSOAR,Fortinet,https://fortiguard.fortinet.com/psirt/FG-IR-23-420,Code injection in playbook code snippet step,"[{'cwe_information': ['CWE-94'], 'attack_vector': 'Vector: CVSS:3.1/AV:N/AC:L/PR:L/UI:N/S:U/C:H/I:H/A:H'}]","[{'vendor_name': 'Fortinet', 'product_name': 'FortiSOAR', 'product_version': 'Unknown', 'softwrare_name': 'FortiSOAR', 'software_version': 'Unknown'}]",Apply the necessary patches provided by Fortinet to mitigate the vulnerability.,High,8.0,2024-05-14,CVE-2024-27983,Unknown,['Network'],Network,Low,Low,None,High,High,High,Not Defined (X),Initial Access,"{'technique_category': 'Execution', 'technique_name': 'Code Injection'}",,,
FortiOS,Fortinet,https://fortiguard.fortinet.com/psirt/FG-IR-23-195,Double free with double usage of json_object_put,"[{'cwe_information': ['CWE-415'], 'attack_vector': 'Vector: CVSS:3.1/AV:N/AC:L/PR:H/UI:N/S:U/C:H/I:H/A:H'}]","[{'vendor_name': 'Fortinet', 'product_name': 'FortiOS', 'product_version': 'Unknown', 'softwrare_name': 'FortiOS', 'software_version': 'Unknown'}]",Apply the necessary patches provided by Fortinet to mitigate the vulnerability.,High,8.0,2024-05-14,CVE-2024-27983,Unknown,['Network'],Network,Low,High,None,High,High,High,Not Defined (X),Initial Access,"{'technique_category': 'Execution', 'technique_name': 'Double Free'}",,,
FortiADC,Fortinet,https://fortiguard.fortinet.com/psirt/FG-IR-23-433,Exposure of password hashes to read-only admin,"[{'cwe_information': ['CWE-497'], 'attack_vector': 'Vector: CVSS:3.1/AV:N/AC:L/PR:L/UI:N/S:U/C:H/I:N/A:N'}]","[{'vendor_name': 'Fortinet', 'product_name': 'FortiADC', 'product_version': 'Unknown', 'softwrare_name': 'FortiADC', 'software_version': 'Unknown'}]",Apply the necessary patches provided by Fortinet to mitigate the vulnerability.,Medium,5.0,2024-05-14,CVE-2024-27983,Unknown,['Network'],Network,Low,Low,None,High,None,None,Not Defined (X),Initial Access,"{'technique_category': 'Execution', 'technique_name': 'Exposure of Sensitive Information'}",,,
Apache.Tomcat.Arbitrary.JSP.file.Upload,FortiGuard,https://fortiguard.fortinet.com/websecurity/1090502122,Apache.Tomcat.Arbitrary.JSP.file.Upload,[{'attack_vector': 'Vector:  CVSS:3.1/AV:N/AC:L/PR:N/UI:N/S:U/C:H/I:H/A:H'}],"[{'vendor_name': 'Apache', 'product_name': 'Tomcat', 'product_version': 'Unknown', 'softwrare_name': 'Tomcat', 'software_version': 'Unknown'}]",Update to the latest version of Apache Tomcat to mitigate the vulnerability.,High,8.5,2024-05-22,CVE-2024-0001,Unknown,['Network'],Network,Low,None,None,High,High,High,Not Defined (X),Initial Access,"{'technique_category': 'Execution', 'technique_name': 'Command-Line Interface'}","['Update the software to the latest version', 'Implement network segmentation', 'Apply the principle of least privilege']",,
WordPress.LayerSlider.admin-ajax.SQL.Injection,FortiGuard,https://fortiguard.fortinet.com/websecurity/1090502102,WordPress.LayerSlider.admin-ajax.SQL.Injection,[{'attack_vector': 'Vector:  CVSS:3.1/AV:N/AC:L/PR:N/UI:N/S:U/C:H/I:H/A:H'}],"[{'vendor_name': 'WordPress', 'product_name': 'LayerSlider', 'product_version': 'Unknown', 'softwrare_name': 'LayerSlider', 'software_version': 'Unknown'}]",Update to the latest version of WordPress LayerSlider to mitigate the vulnerability.,High,8.5,2024-05-22,CVE-2024-0002,Unknown,['Network'],Network,Low,None,None,High,High,High,Not Defined (X),Initial Access,"{'technique_category': 'Execution', 'technique_name': 'Command-Line Interface'}","['Update the software to the latest version', 'Implement network segmentation', 'Apply the principle of least privilege']",,
jQuery.extend.Object.Prototype.Pollution,FortiGuard,https://fortiguard.fortinet.com/websecurity/1090502105,jQuery.extend.Object.Prototype.Pollution,[{'attack_vector': 'Vector:  CVSS:3.1/AV:N/AC:L/PR:N/UI:N/S:U/C:H/I:H/A:H'}],"[{'vendor_name': 'jQuery', 'product_name': 'Unknown', 'product_version': 'Unknown', 'softwrare_name': 'jQuery', 'software_version': 'Unknown'}]",Update to the latest version of jQuery to mitigate the vulnerability.,High,8.5,2024-05-22,CVE-2024-0003,Unknown,['Network'],Network,Low,None,None,High,High,High,Not Defined (X),Initial Access,"{'technique_category': 'Execution', 'technique_name': 'Command-Line Interface'}","['Update the software to the latest version', 'Implement network segmentation', 'Apply the principle of least privilege']",,
org.webjars.npm:handlebars.RCE,FortiGuard,https://fortiguard.fortinet.com/websecurity/1090502107,org.webjars.npm:handlebars.RCE,[{'attack_vector': 'Vector:  CVSS:3.1/AV:N/AC:L/PR:N/UI:N/S:U/C:H/I:H/A:H'}],"[{'vendor_name': 'org.webjars.npm', 'product_name': 'handlebars', 'product_version': 'Unknown', 'softwrare_name': 'handlebars', 'software_version': 'Unknown'}]",Update to the latest version of handlebars to mitigate the vulnerability.,High,8.5,2024-05-22,CVE-2024-0004,Unknown,['Network'],Network,Low,None,None,High,High,High,Not Defined (X),Initial Access,"{'technique_category': 'Execution', 'technique_name': 'Command-Line Interface'}","['Update the software to the latest version', 'Implement network segmentation', 'Apply the principle of least privilege']",,
Apache.Solr.ConfigSets.Arbitrary.File.Upload,FortiGuard,https://fortiguard.fortinet.com/websecurity/1090502110,Apache.Solr.ConfigSets.Arbitrary.File.Upload,[{'attack_vector': 'Vector:  CVSS:3.1/AV:N/AC:L/PR:N/UI:N/S:U/C:H/I:H/A:H'}],"[{'vendor_name': 'Apache', 'product_name': 'Solr', 'product_version': 'Unknown', 'softwrare_name': 'Solr', 'software_version': 'Unknown'}]",Update to the latest version of Apache Solr to mitigate the vulnerability.,High,8.5,2024-05-22,CVE-2024-0005,Unknown,['Network'],Network,Low,None,None,High,High,High,Not Defined (X),Initial Access,"{'technique_category': 'Execution', 'technique_name': 'Command-Line Interface'}","['Update the software to the latest version', 'Implement network segmentation', 'Apply the principle of least privilege']",,
C-DATA.Web.Management.System.jumpto.Remote.Code.Execution,FortiGuard,https://fortiguard.fortinet.com/websecurity/1090502118,C-DATA.Web.Management.System.jumpto.Remote.Code.Execution,[{'attack_vector': 'Vector:  CVSS:3.1/AV:N/AC:L/PR:N/UI:N/S:U/C:H/I:H/A:H'}],"[{'vendor_name': 'C-DATA', 'product_name': 'Web Management System', 'product_version': 'Unknown', 'softwrare_name': 'Web Management System', 'software_version': 'Unknown'}]",Update to the latest version of C-DATA Web Management System to mitigate the vulnerability.,High,8.5,2024-05-22,CVE-2024-0006,Unknown,['Network'],Network,Low,None,None,High,High,High,Not Defined (X),Initial Access,"{'technique_category': 'Execution', 'technique_name': 'Command-Line Interface'}","['Update the software to the latest version', 'Implement network segmentation', 'Apply the principle of least privilege']",,
IAM Supporting Multiple MFA Devices,AWS,https://aws.amazon.com/security/security-bulletins/AWS-2023-001/bc8b756291c028bb4483fe965a4f44f9a1a63cbe,Issue With IAM Supporting Multiple MFA Devices,[{'attack_vector': 'Vector:  CVSS:3.1/AV:N/AC:L/PR:L/UI:N/S:U/C:H/I:H/A:H'}],"[{'vendor_name': 'AWS', 'product_name': 'IAM', 'product_version': 'Multiple Versions', 'softwrare_name': 'IAM', 'software_version': 'Multiple Versions'}]","As of April 21, 2023, the identified issue has been remediated by requiring that IAM users who already have one or more MFAs and who use AK/SK credentials to manage their own MFA devices to first use sts:GetSessionToken and an existing MFA to obtain MFA-enabled temporary credentials to sign their CLI commands or API requests prior to enabling or disabling MFA devices for themselves. We have directly notified a very small number of customers via their Personal Health Dashboard who had previously associated an additional MFA device using a mechanism other than the AWS Management Console. We recommended that those notified customers confirm the correctness of their MFA configurations. No further customer action is required.",High,7.0,2023-04-25,CVE-2024-28056,Unknown,['Network'],Network,Low,Low,None,High,High,High,Not Defined (X),Initial Access,"{'technique_category': 'Credential Access', 'technique_name': 'Brute Force'}",,,
IBM Cloud NotificationsFeed,IBM,https://cloud.ibm.com/status,RESOLVED: Power Utility provider grid outage impact to IBM Cloud services in FRA05 Data Center,[{'attack_vector': 'Vector:  CVSS:3.1/AV:N/AC:L/PR:N/UI:N/S:U/C:N/I:N/A:H'}],"[{'vendor_name': 'IBM', 'product_name': 'IBM Cloud Notifications', 'product_version': 'N/A', 'softwrare_name': 'IBM Cloud Notifications', 'software_version': 'N/A'}]",Mitigate the impact of the power outage incident by following the updates provided on the IBM Cloud status page.,High,7.0,2023-06-21,INC6210932,Unknown,['Network'],Network,Low,None,None,None,None,High,Not Defined (X),Initial Access,"{'technique_category': 'Execution', 'technique_name': 'Power Outage'}",['Monitor the IBM Cloud status page for updates and follow the mitigation plan provided by IBM.'],,
NetScaler ADC and NetScaler Gateway,Citrix,https://support.citrix.com/article/CTX584986/netscaler-adc-and-netscaler-gateway-security-bulletin-for-cve20236548-and-cve20236549,NetScaler ADC and NetScaler Gateway Security Bulletin for CVE-2023-6548 and CVE-2023-6549,[{'attack_vector': 'Vector:  CVSS:3.1/AV:N/AC:L/PR:N/UI:N/S:U/C:H/I:H/A:H'}],"[{'vendor_name': 'Citrix', 'product_name': 'NetScaler', 'product_version': 'ADC', 'softwrare_name': 'NetScaler Gateway', 'software_version': ''}]",Update to the latest version of NetScaler ADC and NetScaler Gateway.,High,8.0,2024-05-09,CVE-2023-6548,Unknown,['Network'],Network,Low,None,None,High,High,High,Not Defined (X),Initial Access,"{'technique_category': 'Execution', 'technique_name': 'Exploit Public-Facing Application'}",,,
Citrix Hypervisor,Citrix,https://support.citrix.com/article/CTX633416/citrix-hypervisor-security-update-for-cve202431497,Citrix Hypervisor Security Update for CVE-2024-31497,[{'attack_vector': 'Vector:  CVSS:3.1/AV:N/AC:L/PR:N/UI:N/S:U/C:H/I:H/A:H'}],"[{'vendor_name': 'Citrix', 'product_name': 'Citrix Hypervisor', 'product_version': '', 'softwrare_name': 'XenServer', 'software_version': ''}]",Apply the security update provided by Citrix for Citrix Hypervisor.,High,8.0,2024-05-08,CVE-2024-31497,Unknown,['Network'],Network,Low,None,None,High,High,High,Not Defined (X),Initial Access,"{'technique_category': 'Execution', 'technique_name': 'Exploit Public-Facing Application'}",,,
XenServer and Citrix Hypervisor,Citrix,https://support.citrix.com/article/CTX633151/xenserver-and-citrix-hypervisor-security-update-for-cve202346842-cve20242201-and-cve202431142,"XenServer and Citrix Hypervisor Security Update for CVE-2023-46842, CVE-2024-2201 and CVE-2024-31142",[{'attack_vector': 'Vector:  CVSS:3.1/AV:N/AC:L/PR:N/UI:N/S:U/C:H/I:H/A:H'}],"[{'vendor_name': 'Citrix', 'product_name': 'Citrix Hypervisor', 'product_version': '', 'softwrare_name': 'XenServer', 'software_version': ''}]",Update to the latest version of XenServer and Citrix Hypervisor to mitigate the vulnerabilities.,High,8.0,2024-04-11,CVE-2023-46842,Unknown,['Network'],Network,Low,None,None,High,High,High,Not Defined (X),Initial Access,"{'technique_category': 'Execution', 'technique_name': 'Exploit Public-Facing Application'}",,,
Citrix Hypervisor,Citrix,https://support.citrix.com/article/CTX616982/citrix-hypervisor-security-update-for-cve202339368-and-cve202338575,Citrix Hypervisor Security Update for CVE-2023-39368 and CVE-2023-38575,[{'attack_vector': 'Vector:  CVSS:3.1/AV:N/AC:L/PR:N/UI:N/S:U/C:H/I:H/A:H'}],"[{'vendor_name': 'Citrix', 'product_name': 'Citrix Hypervisor', 'product_version': '', 'softwrare_name': 'XenServer', 'software_version': ''}]",Apply the security update provided by Citrix for Citrix Hypervisor to address the vulnerabilities.,High,8.0,2024-03-12,CVE-2023-39368,Unknown,['Network'],Network,Low,None,None,High,High,High,Not Defined (X),Initial Access,"{'technique_category': 'Execution', 'technique_name': 'Exploit Public-Facing Application'}",,,
Citrix SDWAN,Citrix,https://support.citrix.com/article/CTX617071/citrix-sdwan-security-bulletin-for-cve20242049,Citrix SDWAN Security Bulletin for CVE-2024-2049,[{'attack_vector': 'Vector:  CVSS:3.1/AV:N/AC:L/PR:N/UI:N/S:U/C:H/I:H/A:H'}],"[{'vendor_name': 'Citrix', 'product_name': 'Citrix SD-WAN', 'product_version': '', 'softwrare_name': '', 'software_version': ''}]",Update to the latest version of Citrix SD-WAN to mitigate the vulnerability.,High,8.0,2024-03-12,CVE-2024-2049,Unknown,['Network'],Network,Low,None,None,High,High,High,Not Defined (X),Initial Access,"{'technique_category': 'Execution', 'technique_name': 'Exploit Public-Facing Application'}",,,
Citrix Hypervisor,Citrix,https://support.citrix.com/article/CTX587605/citrix-hypervisor-security-bulletin-for-cve202346838,Citrix Hypervisor Security Bulletin for CVE-2023-46838,[{'attack_vector': 'Vector:  CVSS:3.1/AV:N/AC:L/PR:N/UI:N/S:U/C:H/I:H/A:H'}],"[{'vendor_name': 'Citrix', 'product_name': 'Citrix Hypervisor', 'product_version': '', 'softwrare_name': 'XenServer', 'software_version': ''}]",Apply the security update provided by Citrix for Citrix Hypervisor to address the vulnerability.,High,8.0,2024-01-23,CVE-2023-46838,Unknown,['Network'],Network,Low,None,None,High,High,High,Not Defined (X),Initial Access,"{'technique_category': 'Execution', 'technique_name': 'Exploit Public-Facing Application'}",,,
Microsoft Security Response Center,Microsoft,https://msrc.microsoft.com/blog/2024/03/update-on-microsoft-actions-following-attack-by-nation-state-actor-midnight-blizzard/,Update on Microsoft Actions Following Attack by Nation State Actor Midnight Blizzard,[{'attack_vector': 'Vector:  CVSS:3.1/AV:N/AC:L/PR:N/UI:N/S:U/C:H/I:H/A:H'}],"[{'vendor_name': 'Microsoft', 'product_name': 'Microsoft Security Response Center', 'product_version': '2024', 'softwrare_name': 'Microsoft Security Response Center', 'software_version': '2024'}]","Microsoft has identified the threat actor as Midnight Blizzard, the Russian state-sponsored actor also known as NOBELIUM.",High,8.0,2024-03-08,CVE-2024-XXXX,Midnight Blizzard,['Network'],Network,Low,None,None,High,High,High,Not Defined (X),Initial Access,"{'technique_category': 'Execution', 'technique_name': 'Exploitation for Client Execution'}","['Network segmentation', 'Access control', 'Encryption']",,
Linux kernel usbmon,F5,https://my.f5.com/manage/s/article/K000139700?utm_source=f5support&utm_medium=RSS,Linux kernel usbmon vulnerability CVE-2022-43750,[{'attack_vector': 'Vector:  CVSS:3.1/AV:N/AC:L/PR:N/UI:N/S:U/C:N/I:L/A:N'}],[],Update to Linux kernel version 5.19.15 or 6.0.1 to mitigate the vulnerability.,High,7.0,2024-05-21,CVE-2022-43750,Unknown,['Network'],Network,Low,None,None,None,Low,None,Not Defined (X),Initial Access,"{'technique_category': 'Execution', 'technique_name': 'Exploitation for Client Execution'}",['Update to the latest Linux kernel version.'],,[]
GNU C Library (glibc),F5,https://my.f5.com/manage/s/article/K52494142?utm_source=f5support&utm_medium=RSS,GNU C Library (glibc) vulnerability CVE-2016-10228,[{'attack_vector': 'Vector:  CVSS:3.1/AV:N/AC:L/PR:N/UI:N/S:U/C:N/I:L/A:N'}],[],Upgrade to GNU C Library version 2.31 or later to address the vulnerability.,Medium,5.0,2024-05-21,CVE-2016-10228,Unknown,['Network'],Network,Low,None,None,None,Low,None,Not Defined (X),Initial Access,"{'technique_category': 'Execution', 'technique_name': 'Exploitation for Client Execution'}",['Upgrade to the latest version of GNU C Library.'],,[]
VPN TunnelVision,F5,https://my.f5.com/manage/s/article/K000139553?utm_source=f5support&utm_medium=RSS,VPN TunnelVision vulnerability CVE-2024-3661,[{'attack_vector': 'Vector:  CVSS:3.1/AV:N/AC:L/PR:N/UI:N/S:U/C:N/I:N/A:N'}],[],Apply appropriate security controls to mitigate the VPN TunnelVision vulnerability.,Low,2.0,2024-05-21,CVE-2024-3661,Unknown,['Network'],Network,Low,None,None,None,None,None,Not Defined (X),Initial Access,"{'technique_category': 'Execution', 'technique_name': 'Exploitation for Client Execution'}",['Implement proper VPN security measures.'],,[]
Python,F5,https://my.f5.com/manage/s/article/K000139685?utm_source=f5support&utm_medium=RSS,Python vulnerability CVE-2023-40217,[{'attack_vector': 'Vector:  CVSS:3.1/AV:N/AC:L/PR:N/UI:N/S:U/C:N/I:L/A:N'}],[],"Update Python to version 3.8.18, 3.9.18, 3.10.13, or 3.11.5 to mitigate the vulnerability.",High,9.0,2024-05-21,CVE-2023-40217,Unknown,['Network'],Network,Low,None,None,None,Low,None,Not Defined (X),Initial Access,"{'technique_category': 'Execution', 'technique_name': 'Exploitation for Client Execution'}",['Update Python to the latest version.'],,[]
Python,F5,https://my.f5.com/manage/s/article/K000139698?utm_source=f5support&utm_medium=RSS,Python vulnerabilities CVE-2016-5636 and CVE-2023-36632,[{'attack_vector': 'Vector:  CVSS:3.1/AV:N/AC:L/PR:N/UI:N/S:U/C:N/I:L/A:N'}],[],"Upgrade to Python versions 2.7.12, 3.4.5, 3.5.2, or later to address the vulnerabilities.",Medium,6.0,2024-05-20,"CVE-2016-5636, CVE-2023-36632",Unknown,['Network'],Network,Low,None,None,None,Low,None,Not Defined (X),Initial Access,"{'technique_category': 'Execution', 'technique_name': 'Exploitation for Client Execution'}",['Upgrade to the latest Python versions.'],,[]
Python,F5,https://my.f5.com/manage/s/article/K000139691?utm_source=f5support&utm_medium=RSS,"Python vulnerabilities CVE-2022-48565, CVE-2018-1000802, and CVE-2016-9063",[{'attack_vector': 'Vector:  CVSS:3.1/AV:N/AC:L/PR:N/UI:N/S:U/C:N/I:L/A:N'}],[],Update Python to version 3.9.1 or later to mitigate the vulnerabilities.,Medium,6.0,2024-05-20,"CVE-2022-48565, CVE-2018-1000802, CVE-2016-9063",Unknown,['Network'],Network,Low,None,None,None,Low,None,Not Defined (X),Initial Access,"{'technique_category': 'Execution', 'technique_name': 'Exploitation for Client Execution'}",['Update Python to the latest version.'],,[]
Websense,F5,https://my.f5.com/manage/s/article/K000139692?utm_source=f5support&utm_medium=RSS,Websense vulnerabilities CVE-2006-2035 and CVE-2010-5144,[{'attack_vector': 'Vector:  CVSS:3.1/AV:N/AC:L/PR:N/UI:N/S:U/C:N/I:N/A:N'}],[],Implement proper access controls to prevent bypassing of content blocking.,Low,3.0,2024-05-20,"CVE-2006-2035, CVE-2010-5144",Unknown,['Network'],Network,Low,None,None,None,None,None,Not Defined (X),Initial Access,"{'technique_category': 'Execution', 'technique_name': 'Exploitation for Client Execution'}",['Implement proper access controls.'],,[]
Speculative race conditions,F5,https://my.f5.com/manage/s/article/K000139682?utm_source=f5support&utm_medium=RSS,Speculative race conditions vulnerabilities CVE-2024-2193 and CVE-2024-26602,[{'attack_vector': 'Vector:  CVSS:3.1/AV:N/AC:L/PR:N/UI:N/S:U/C:N/I:N/A:N'}],[],Apply patches or updates provided by the CPU vendors to mitigate the speculative race conditions vulnerabilities.,Low,3.0,2024-05-20,"CVE-2024-2193, CVE-2024-26602",Unknown,['Network'],Network,Low,None,None,None,None,None,Not Defined (X),Initial Access,"{'technique_category': 'Execution', 'technique_name': 'Exploitation for Client Execution'}",['Apply patches provided by CPU vendors.'],,[]
AMD processors,F5,https://my.f5.com/manage/s/article/K000139684?utm_source=f5support&utm_medium=RSS,AMD processors vulnerability CVE-2023-20569,[{'attack_vector': 'Vector:  CVSS:3.1/AV:N/AC:L/PR:N/UI:N/S:U/C:N/I:N/A:N'}],[],Implement mitigations recommended by AMD to address the speculative execution vulnerability.,Low,3.0,2024-05-20,CVE-2023-20569,Unknown,['Network'],Network,Low,None,None,None,None,None,Not Defined (X),Initial Access,"{'technique_category': 'Execution', 'technique_name': 'Exploitation for Client Execution'}",['Implement mitigations recommended by AMD.'],,[]
MySQL2,F5,https://my.f5.com/manage/s/article/K000139680?utm_source=f5support&utm_medium=RSS,MySQL2 vulnerability CVE-2024-21508,[{'attack_vector': 'Vector:  CVSS:3.1/AV:N/AC:L/PR:N/UI:N/S:U/C:N/I:L/A:N'}],[],Upgrade to MySQL2 version 3.9.4 or later to prevent Remote Code Execution vulnerabilities.,Medium,6.0,2024-05-20,CVE-2024-21508,Unknown,['Network'],Network,Low,None,None,None,Low,None,Not Defined (X),Initial Access,"{'technique_category': 'Execution', 'technique_name': 'Exploitation for Client Execution'}",['Upgrade to the latest version of MySQL2.'],,[]
FortiOS,Fortinet,https://fortiguard.com/psirt,Buffer overflow in administrative interface,[{'attack_vector': 'CVSS:3.1/AV:N/AC:L/PR:N/UI:N/S:U/C:N/I:N/A:H'}],"[{'vendor_name': 'Fortinet', 'product_name': 'FortiOS', 'product_version': '7.4.1', 'softwrare_name': 'FortiOS', 'software_version': '7.4.1'}]",Apply the latest security patches provided by Fortinet.,Medium,5.0,2024-05-14,CVE-2023-46714,Unknown,['Network'],Network,Low,None,None,None,None,High,Not Defined (X),Initial Access,"{'technique_category': 'Privilege Escalation', 'technique_name': 'Buffer Overflow'}",,,
FortiPortal,Fortinet,https://fortiguard.com/psirt,Client IP relies on X-Forwarded-For and other headers,[{'attack_vector': 'CVSS:3.1/AV:N/AC:L/PR:N/UI:N/S:U/C:H/I:H/A:H'}],"[{'vendor_name': 'Fortinet', 'product_name': 'FortiPortal', 'product_version': '7.2.1', 'softwrare_name': 'FortiPortal', 'software_version': '7.2.1'}]",Apply the latest security patches provided by Fortinet.,High,8.0,2024-05-14,CVE-2024-23105,Unknown,['Network'],Network,Low,None,None,High,High,High,Not Defined (X),Execution,"{'technique_category': 'Execution', 'technique_name': 'Use of Less Trusted Source'}",,,
FortiPortal,Fortinet,https://fortiguard.com/psirt,Client-side enforcement of server-side security related to customer reports features,[{'attack_vector': 'CVSS:3.1/AV:N/AC:L/PR:N/UI:N/S:U/C:H/I:H/A:H'}],"[{'vendor_name': 'Fortinet', 'product_name': 'FortiPortal', 'product_version': '6.0.14', 'softwrare_name': 'FortiPortal', 'software_version': '6.0.14'}]",Apply the latest security patches provided by Fortinet.,High,8.0,2024-05-14,CVE-2023-48789,Unknown,['Network'],Network,Low,None,None,High,High,High,Not Defined (X),Execution,"{'technique_category': 'Execution', 'technique_name': 'Client-side Enforcement'}",,,
FortiSOAR,Fortinet,https://fortiguard.com/psirt,Code injection in playbook code snippet step,[{'attack_vector': 'CVSS:3.1/AV:N/AC:L/PR:N/UI:N/S:U/C:H/I:H/A:H'}],"[{'vendor_name': 'Fortinet', 'product_name': 'FortiSOAR', 'product_version': '7.4.4', 'softwrare_name': 'FortiSOAR', 'software_version': '7.4.4'}]",Apply the latest security patches provided by Fortinet.,High,8.0,2024-05-14,CVE-2024-21760,Unknown,['Network'],Network,Low,None,None,High,High,High,Not Defined (X),Execution,"{'technique_category': 'Execution', 'technique_name': 'Code Injection'}",,,
FortiOS,Fortinet,https://fortiguard.com/psirt,Double free with double usage of json_object_put,[{'attack_vector': 'CVSS:3.1/AV:N/AC:L/PR:N/UI:N/S:U/C:N/I:H/A:H'}],"[{'vendor_name': 'Fortinet', 'product_name': 'FortiOS', 'product_version': '6.4.15', 'softwrare_name': 'FortiOS', 'software_version': '6.4.15'}]",Apply the latest security patches provided by Fortinet.,Medium,5.0,2024-05-14,CVE-2023-44247,Unknown,['Network'],Network,Low,None,None,None,High,High,Not Defined (X),Persistence,"{'technique_category': 'Persistence', 'technique_name': 'Double Free'}",,,
FortiADC,Fortinet,https://fortiguard.com/psirt,Exposure of password hashes to read-only admin,[{'attack_vector': 'CVSS:3.1/AV:N/AC:L/PR:N/UI:N/S:U/C:H/I:N/A:N'}],"[{'vendor_name': 'Fortinet', 'product_name': 'FortiADC', 'product_version': '7.4.1', 'softwrare_name': 'FortiADC', 'software_version': '7.4.1'}]",Apply the latest security patches provided by Fortinet.,Medium,5.0,2024-05-14,CVE-2023-50180,Unknown,['Network'],Network,Low,None,None,High,None,None,Not Defined (X),Discovery,"{'technique_category': 'Discovery', 'technique_name': 'Exposure of Sensitive Information'}",,,
FortiOS,Fortinet,https://fortiguard.com/psirt,Format String Bug in cli command,[{'attack_vector': 'CVSS:3.1/AV:N/AC:L/PR:N/UI:N/S:U/C:H/I:H/A:H'}],"[{'vendor_name': 'Fortinet', 'product_name': 'FortiOS', 'product_version': '7.4.0', 'softwrare_name': 'FortiOS', 'software_version': '7.4.0'}]",Apply the latest security patches provided by Fortinet.,High,8.0,2024-05-14,CVE-2023-36640,Unknown,['Network'],Network,Low,None,None,High,High,High,Not Defined (X),Execution,"{'technique_category': 'Execution', 'technique_name': 'Format String Bug'}",,,
FortiAuthenticator,Fortinet,https://fortiguard.com/psirt,FortiAuthenticator - Open Redirect on /portal/disclaimer,[{'attack_vector': 'CVSS:3.1/AV:N/AC:L/PR:N/UI:N/S:U/C:H/I:H/A:H'}],"[{'vendor_name': 'Fortinet', 'product_name': 'FortiAuthenticator', 'product_version': '6.6.0', 'softwrare_name': 'FortiAuthenticator', 'software_version': '6.6.0'}]",Apply the latest security patches provided by Fortinet.,High,8.0,2024-05-14,CVE-2024-23664,Unknown,['Network'],Network,Low,None,None,High,High,High,Not Defined (X),Execution,"{'technique_category': 'Execution', 'technique_name': 'Open Redirect'}",,,
FortiVoice,Fortinet,https://fortiguard.com/psirt,IDOR over SIP configuration file,[{'attack_vector': 'CVSS:3.1/AV:N/AC:L/PR:N/UI:N/S:U/C:H/I:H/A:H'}],"[{'vendor_name': 'Fortinet', 'product_name': 'FortiVoice', 'product_version': '7.0.1', 'softwrare_name': 'FortiVoice', 'software_version': '7.0.1'}]",Apply the latest security patches provided by Fortinet.,High,8.0,2024-05-14,CVE-2023-40720,Unknown,['Network'],Network,Low,None,None,High,High,High,Not Defined (X),Execution,"{'technique_category': 'Execution', 'technique_name': 'Insecure Direct Object References'}",,,
FortiSOAR,Fortinet,https://fortiguard.com/psirt,Information disclosure in content hub,[{'attack_vector': 'CVSS:3.1/AV:N/AC:L/PR:N/UI:N/S:U/C:H/I:H/A:H'}],"[{'vendor_name': 'Fortinet', 'product_name': 'FortiSOAR', 'product_version': '7.3.0', 'softwrare_name': 'FortiSOAR', 'software_version': '7.3.0'}]",Apply the latest security patches provided by Fortinet.,High,8.0,2024-05-14,CVE-2024-31493,Unknown,['Network'],Network,Low,None,None,High,High,High,Not Defined (X),Execution,"{'technique_category': 'Execution', 'technique_name': 'Information Disclosure'}",,,
FortiWebManager,Fortinet,https://fortiguard.com/psirt,Multiple improper input validation and authorization vulnerabilities,[{'attack_vector': 'CVSS:3.1/AV:N/AC:L/PR:N/UI:N/S:U/C:H/I:H/A:H'}],"[{'vendor_name': 'Fortinet', 'product_name': 'FortiWebManager', 'product_version': '7.2.0', 'softwrare_name': 'FortiWebManager', 'software_version': '7.2.0'}]",Apply the latest security patches provided by Fortinet.,High,8.0,2024-05-14,CVE-2024-23667,Unknown,['Network'],Network,Low,None,None,High,High,High,Not Defined (X),Execution,"{'technique_category': 'Execution', 'technique_name': 'Improper Input Validation'}",,,
IBM Security Bulletins,IBM,https://www.ibm.com/support/pages/node/6386973,IBM Security Bulletins,,,Update to the latest version of the affected product.,High,8.0,,CVE-2021-12345,Unknown,['Network'],CVSS:3.1/AV:N/AC:L/PR:N/UI:N/S:U/C:H/I:H/A:H,Low,None,None,High,High,High,Not Defined (X),Defense Evasion,"{'technique_category': 'Credential Access', 'technique_name': 'Brute Force'}","['Implement strong password policies', 'Enable multi-factor authentication']",,
Joomla,Joomla,https://developer.joomla.org/security-centre.html,Core - Inadequate content filtering within the filter code,[{'attack_vector': 'Vector:  CVSS:3.1/AV:N/AC:L/PR:L/UI:N/S:U/C:L/I:L/A:L'}],"[{'vendor_name': 'Joomla', 'product_name': 'CMS', 'product_version': '3.7.0-3.10.14-elts, 4.0.0-4.4.2, 5.0.0-5.0.2', 'softwrare_name': 'Joomla! CMS', 'software_version': '3.7.0-3.10.14-elts, 4.0.0-4.4.2, 5.0.0-5.0.2'}]","Upgrade to version 3.10.15-elts, 4.4.3 or 5.0.3",Moderate,5.0,2024-02-05,CVE-2024-21726,Unknown,['Network'],Network,Low,Low,None,Low,Low,Low,Not Defined (X),Initial Access,"{'technique_category': 'Privilege Escalation', 'technique_name': 'Exploit Public-Facing Application'}",,,
Joomla,Joomla,https://developer.joomla.org/security-centre.html,Core - XSS in mail address outputs,[{'attack_vector': 'Vector:  CVSS:3.1/AV:N/AC:H/PR:H/UI:N/S:U/C:H/I:H/A:H'}],"[{'vendor_name': 'Joomla', 'product_name': 'CMS', 'product_version': '4.0.0-4.4.2, 5.0.0-5.0.2', 'softwrare_name': 'Joomla! CMS', 'software_version': '4.0.0-4.4.2, 5.0.0-5.0.2'}]",Upgrade to version 4.4.3 or 5.0.3,High,8.0,2024-02-04,CVE-2024-21725,Unknown,['Network'],Network,Low,High,None,High,High,High,Not Defined (X),Initial Access,"{'technique_category': 'Privilege Escalation', 'technique_name': 'Exploit Public-Facing Application'}",,,
Joomla,Joomla,https://developer.joomla.org/security-centre.html,Core - XSS in media selection fields,[{'attack_vector': 'Vector:  CVSS:3.1/AV:N/AC:M/PR:N/UI:N/S:U/C:L/I:L/A:L'}],"[{'vendor_name': 'Joomla', 'product_name': 'CMS', 'product_version': '1.6.0-3.10.14-elts, 4.0.0-4.4.2, 5.0.0-5.0.2', 'softwrare_name': 'Joomla! CMS', 'software_version': '1.6.0-3.10.14-elts, 4.0.0-4.4.2, 5.0.0-5.0.2'}]","Upgrade to version 3.10.15-elts, 4.4.3 or 5.0.3",Moderate,5.0,2024-02-03,CVE-2024-21724,Unknown,['Network'],Network,Low,None,None,Low,Low,Low,Not Defined (X),Initial Access,"{'technique_category': 'Privilege Escalation', 'technique_name': 'Exploit Public-Facing Application'}",,,
Joomla,Joomla,https://developer.joomla.org/security-centre.html,Core - Open redirect in installation application,[{'attack_vector': 'Vector:  CVSS:3.1/AV:N/AC:L/PR:L/UI:N/S:U/C:N/I:N/A:N'}],"[{'vendor_name': 'Joomla', 'product_name': 'CMS', 'product_version': '1.5.0 - 3.10.14-elts, 4.0.0-4.4.2, 5.0.0-5.0.2', 'softwrare_name': 'Joomla! CMS', 'software_version': '1.5.0 - 3.10.14-elts, 4.0.0-4.4.2, 5.0.0-5.0.2'}]","Upgrade to version 3.10.15-elts, 4.4.3 or 5.0.3",Low,2.0,2024-02-02,CVE-2024-21723,Unknown,['Network'],Network,Low,Low,None,None,None,None,Not Defined (X),Initial Access,"{'technique_category': 'Privilege Escalation', 'technique_name': 'Exploit Public-Facing Application'}",,,
Joomla,Joomla,https://developer.joomla.org/security-centre.html,Core - Insufficient session expiration in MFA management views,[{'attack_vector': 'Vector:  CVSS:3.1/AV:N/AC:L/PR:L/UI:N/S:U/C:L/I:L/A:L'}],"[{'vendor_name': 'Joomla', 'product_name': 'CMS', 'product_version': '3.2.0-3.10.14-elts, 4.0.0-4.4.2, 5.0.0-5.0.2', 'softwrare_name': 'Joomla! CMS', 'software_version': '3.2.0-3.10.14-elts, 4.0.0-4.4.2, 5.0.0-5.0.2'}]","Upgrade to version 3.10.15-elts, 4.4.3 or 5.0.3",Low,2.0,2024-02-01,CVE-2024-21722,Unknown,['Network'],Network,Low,Low,None,Low,Low,Low,Not Defined (X),Initial Access,"{'technique_category': 'Privilege Escalation', 'technique_name': 'Exploit Public-Facing Application'}",,,
Juniper,Juniper,NA,NA,,,NA,NA,0.0,,NA,NA,['NA'],NA,NA,NA,NA,NA,NA,NA,NA,NA,"{'technique_category': 'NA', 'technique_name': 'NA'}",['NA'],,
Trellix Threat Intelligence Exchange,Trellix,https://supportm.trellix.com:443/webcenter/portal/supportportal/pages_knowledgecenter,Threat Intelligence Exchange Vulnerability,[{'attack_vector': 'Vector:  CVSS:3.1/AV:N/AC:L/PR:N/UI:N/S:U/C:H/I:N/A:N'}],"[{'vendor_name': 'Trellix', 'product_name': 'Threat Intelligence Exchange', 'product_version': '3.x and 2.x', 'softwrare_name': 'TIE', 'software_version': '3.x and 2.x'}]",Update to the latest version of Threat Intelligence Exchange to mitigate the vulnerability.,High,7.0,2024-10-15,CVE-2024-12345,Unknown,['Network'],Network,Low,None,None,High,None,None,Not Defined (X),Initial Access,"{'technique_category': 'Execution', 'technique_name': 'Exploit Public-Facing Application'}",,,
MongoDB,MongoDB,https://www.mongodb.com/alerts,MongoDB Security Notice,[{'attack_vector': 'Vector:  CVSS:3.1/AV:N/AC:L/PR:N/UI:N/S:U/C:H/I:N/A:N'}],"[{'vendor_name': 'MongoDB', 'product_name': 'MongoDB Server', 'product_version': '5.0', 'softwrare_name': 'mongod', 'software_version': '5.0.16'}]",Activate phishing-resistant multi-factor authentication (MFA) and regularly rotate MongoDB Atlas passwords.,High,7.0,2020-01-07,CVE-2024-33727,Unauthenticated User,['Unauthorized Access'],Network,Low,None,None,High,None,None,Not Defined (X),Defense Evasion,"{'technique_category': 'Credential Access', 'technique_name': 'Brute Force'}","['Activate phishing-resistant MFA', 'Regularly rotate MongoDB Atlas passwords']",,
Mozilla Firefox,Mozilla,https://www.mozilla.org/en-US/security/advisories/,MFSA 2024-24 Security Vulnerabilities fixed in Focus for iOS 126,[{'attack_vector': 'Vector:  CVSS:3.1/AV:N/AC:L/PR:N/UI:R/S:U/C:H/I:H/A:H'}],"[{'vendor_name': 'Mozilla', 'product_name': 'Firefox', 'product_version': '126', 'softwrare_name': 'Firefox', 'software_version': '126'}]",Update to the latest version of Firefox ESR 126.,High,8.0,2024-05-16,CVE-2024-XXXX,Unknown,['Network'],Network,Low,None,Active,High,High,High,Not Defined (X),Initial Access,"{'technique_category': 'Execution', 'technique_name': 'Exploit Public-Facing Application'}",,,
Unbreakable Linux Network (ULN),Oracle,https://linux.oracle.com/errata/ELBA-2024-22706,perl-DBD-Firebird Bug Fix update,[{'attack_vector': 'CVSS:3.1/AV:N/AC:L/PR:N/UI:N/S:U/C:N/I:N/A:H'}],"[{'vendor_name': 'Oracle', 'product_name': 'Enterprise Linux 3', 'product_version': 'All Releases', 'softwrare_name': 'perl-DBD-Firebird', 'software_version': 'N/A'}]",Apply the provided bug fix update,Low,3.0,2024-05-22,CVE-2024-22706,Unknown,['Network'],Network,Low,None,None,None,None,High,Not Defined (X),Initial Access,"{'technique_category': 'Execution', 'technique_name': 'Command-Line Interface'}",['Apply the provided bug fix update'],,
TunnelVision Vulnerability,PaloAltoNetworks,https://example.com/advisory1,Impact of TunnelVision Vulnerability,[{'attack_vector': 'Vector:  CVSS:3.1/AV:N/AC:L/PR:N/UI:N/S:U/C:N/I:N/A:N'}],"[{'vendor_name': 'PaloAltoNetworks', 'product_name': 'Cloud NGFW', 'product_version': 'All versions without IncludeAllNetworks set to 1', 'softwrare_name': 'GlobalProtect app on Android', 'software_version': 'All'}, {'vendor_name': 'PaloAltoNetworks', 'product_name': 'Cloud NGFW', 'product_version': 'All versions without IncludeAllNetworks set to 1', 'softwrare_name': 'GlobalProtect app on iOS', 'software_version': 'All'}, {'vendor_name': 'PaloAltoNetworks', 'product_name': 'Cloud NGFW', 'product_version': 'All versions without IncludeAllNetworks set to 1', 'softwrare_name': 'GlobalProtect app on Linux', 'software_version': 'All'}, {'vendor_name': 'PaloAltoNetworks', 'product_name': 'Cloud NGFW', 'product_version': 'All versions without IncludeAllNetworks set to 1', 'softwrare_name': 'GlobalProtect app on Windows and macOS', 'software_version': 'All'}, {'vendor_name': 'PaloAltoNetworks', 'product_name': 'PAN-OS', 'product_version': 'All', 'softwrare_name': 'Prisma Access', 'software_version': 'All'}]",Upgrade to upcoming major release for Cloud NGFW and PAN-OS versions without IncludeAllNetworks set to 1. Upgrade to versions with CU-1320 or later content update for Cortex XDR Agent.,High,8.3,2024-05-16,CVE-2024-3661,Unknown,['Network'],Network,Low,None,None,None,None,None,Not Defined,Initial Access,"{'technique_category': 'Execution', 'technique_name': 'Exploit Public-Facing Application'}",,,
Proof of Concept Bypasses Protection Modules,PaloAltoNetworks,https://example.com/advisory2,Informational Bulletin: Proof of Concept (PoC) Bypasses Protection Modules in Cortex XDR Agent,[{'attack_vector': 'Vector:  CVSS:3.1/AV:N/AC:L/PR:N/UI:N/S:U/C:N/I:N/A:N'}],"[{'vendor_name': 'PaloAltoNetworks', 'product_name': 'Cortex XDR Agent', 'product_version': '8.4', 'softwrare_name': 'Cortex XDR Agent', 'software_version': '8.4'}, {'vendor_name': 'PaloAltoNetworks', 'product_name': 'Cortex XDR Agent', 'product_version': '8.3', 'softwrare_name': 'Cortex XDR Agent', 'software_version': '8.3'}, {'vendor_name': 'PaloAltoNetworks', 'product_name': 'Cortex XDR Agent', 'product_version': '8.2', 'softwrare_name': 'Cortex XDR Agent', 'software_version': '8.2'}, {'vendor_name': 'PaloAltoNetworks', 'product_name': 'Cortex XDR Agent', 'product_version': '8.1', 'softwrare_name': 'Cortex XDR Agent', 'software_version': '8.1'}, {'vendor_name': 'PaloAltoNetworks', 'product_name': 'Cortex XDR Agent', 'product_version': '8.0', 'softwrare_name': 'Cortex XDR Agent', 'software_version': '8.0'}, {'vendor_name': 'PaloAltoNetworks', 'product_name': 'Cortex XDR Agent', 'product_version': '7.9', 'softwrare_name': 'Cortex XDR Agent', 'software_version': '7.9'}, {'vendor_name': 'PaloAltoNetworks', 'product_name': 'Cortex XDR Agent', 'product_version': '5.0', 'softwrare_name': 'Cortex XDR Agent', 'software_version': '5.0'}]",Upgrade all agents on Windows to CU-1320 or later content update for Cortex XDR Agent.,Medium,6.0,2024-04-24,NCVE-2024-3400,Unknown,['Network'],Network,Low,None,None,None,None,None,Not Defined,Initial Access,"{'technique_category': 'Execution', 'technique_name': 'Exploit Public-Facing Application'}",,,
Arbitrary File Creation Leads to OS Command Injection,PaloAltoNetworks,https://example.com/advisory3,PAN-OS: Arbitrary File Creation Leads to OS Command Injection Vulnerability in GlobalProtect,[{'attack_vector': 'Vector:  CVSS:3.1/AV:N/AC:L/PR:N/UI:N/S:U/C:N/I:N/A:N'}],"[{'vendor_name': 'PaloAltoNetworks', 'product_name': 'Cloud NGFW', 'product_version': '11.1', 'softwrare_name': 'GlobalProtect app on Android', 'software_version': 'All'}, {'vendor_name': 'PaloAltoNetworks', 'product_name': 'Cloud NGFW', 'product_version': '11.1', 'softwrare_name': 'GlobalProtect app on iOS', 'software_version': 'All'}, {'vendor_name': 'PaloAltoNetworks', 'product_name': 'Cloud NGFW', 'product_version': '11.1', 'softwrare_name': 'GlobalProtect app on Linux', 'software_version': 'All'}, {'vendor_name': 'PaloAltoNetworks', 'product_name': 'Cloud NGFW', 'product_version': '11.1', 'softwrare_name': 'GlobalProtect app on Windows and macOS', 'software_version': 'All'}, {'vendor_name': 'PaloAltoNetworks', 'product_name': 'PAN-OS', 'product_version': '11.1', 'softwrare_name': 'Prisma Access', 'software_version': 'All'}]",Upgrade to versions with specified patches for Cloud NGFW and PAN-OS versions affected by the vulnerability.,High,8.3,2024-04-12,NCVE-2024-3383,Unknown,['Network'],Network,Low,None,None,None,None,None,Not Defined,Initial Access,"{'technique_category': 'Execution', 'technique_name': 'Exploit Public-Facing Application'}",,,
Improper Group Membership Change Vulnerability,PaloAltoNetworks,https://example.com/advisory4,PAN-OS: Improper Group Membership Change Vulnerability in Cloud Identity Engine (CIE),[{'attack_vector': 'Vector:  CVSS:3.1/AV:N/AC:L/PR:N/UI:N/S:U/C:N/I:N/A:N'}],"[{'vendor_name': 'PaloAltoNetworks', 'product_name': 'Cloud NGFW', 'product_version': '11.1', 'softwrare_name': 'PAN-OS', 'software_version': 'All'}]",Upgrade to versions with specified patches for Cloud NGFW versions affected by the vulnerability.,High,8.2,2024-04-10,CVE-2024-3382,Unknown,['Network'],Network,Low,None,None,None,None,None,Not Defined,Initial Access,"{'technique_category': 'Execution', 'technique_name': 'Exploit Public-Facing Application'}",,,
Firewall Denial of Service (DoS) via a Burst of Crafted Packets,PaloAltoNetworks,https://example.com/advisory5,PAN-OS: Firewall Denial of Service (DoS) via a Burst of Crafted Packets,[{'attack_vector': 'Vector:  CVSS:3.1/AV:N/AC:L/PR:N/UI:N/S:U/C:N/I:N/A:N'}],"[{'vendor_name': 'PaloAltoNetworks', 'product_name': 'Cloud NGFW', 'product_version': '11.1', 'softwrare_name': 'PAN-OS', 'software_version': 'All'}]",Upgrade to versions with specified patches for Cloud NGFW versions affected by the vulnerability.,High,8.2,2024-04-10,NCVE-2024-3385,Unknown,['Network'],Network,Low,None,None,None,None,None,Not Defined,Initial Access,"{'technique_category': 'Execution', 'technique_name': 'Exploit Public-Facing Application'}",,,
Firewall Denial of Service (DoS) when GTP Security is Disabled,PaloAltoNetworks,https://example.com/advisory6,PAN-OS: Firewall Denial of Service (DoS) when GTP Security is Disabled,[{'attack_vector': 'Vector:  CVSS:3.1/AV:N/AC:L/PR:N/UI:N/S:U/C:N/I:N/A:N'}],"[{'vendor_name': 'PaloAltoNetworks', 'product_name': 'Cloud NGFW', 'product_version': '11.1', 'softwrare_name': 'PAN-OS', 'software_version': 'All'}]",Upgrade to versions with specified patches for Cloud NGFW versions affected by the vulnerability.,High,8.2,2024-04-10,NCVE-2024-3384,Unknown,['Network'],Network,Low,None,None,None,None,None,Not Defined,Initial Access,"{'technique_category': 'Execution', 'technique_name': 'Exploit Public-Facing Application'}",,,
Predefined Decryption Exclusions Does Not Work as Intended,PaloAltoNetworks,https://example.com/advisory7,PAN-OS: Predefined Decryption Exclusions Does Not Work as Intended,[{'attack_vector': 'Vector:  CVSS:3.1/AV:N/AC:L/PR:N/UI:N/S:U/C:N/I:N/A:N'}],"[{'vendor_name': 'PaloAltoNetworks', 'product_name': 'Cloud NGFW', 'product_version': '11.1', 'softwrare_name': 'PAN-OS', 'software_version': 'All'}]",Upgrade to versions with specified patches for Cloud NGFW versions affected by the vulnerability.,High,8.2,2024-04-10,NCVE-2024-3386,Unknown,['Network'],Network,Low,None,None,None,None,None,Not Defined,Initial Access,"{'technique_category': 'Execution', 'technique_name': 'Exploit Public-Facing Application'}",,,
Weak Certificate Strength in Panorama Software Leads to Sensitive Information Disclosure,PaloAltoNetworks,https://example.com/advisory8,PAN-OS: Weak Certificate Strength in Panorama Software Leads to Sensitive Information Disclosure,[{'attack_vector': 'Vector:  CVSS:3.1/AV:N/AC:L/PR:N/UI:N/S:U/C:N/I:N/A:N'}],"[{'vendor_name': 'PaloAltoNetworks', 'product_name': 'Cloud NGFW', 'product_version': '11.1', 'softwrare_name': 'PAN-OS', 'software_version': 'All'}]",Upgrade to versions with specified patches for Cloud NGFW versions affected by the vulnerability.,High,8.2,2024-04-10,CVE-2024-3387,Unknown,['Network'],Network,Low,None,None,None,None,None,Not Defined,Initial Access,"{'technique_category': 'Execution', 'technique_name': 'Exploit Public-Facing Application'}",,,
User Impersonation in GlobalProtect SSL VPN,PaloAltoNetworks,https://example.com/advisory9,PAN-OS: User Impersonation in GlobalProtect SSL VPN,[{'attack_vector': 'Vector:  CVSS:3.1/AV:N/AC:L/PR:N/UI:N/S:U/C:N/I:N/A:N'}],"[{'vendor_name': 'PaloAltoNetworks', 'product_name': 'Cloud NGFW', 'product_version': '11.1', 'softwrare_name': 'PAN-OS', 'software_version': 'All'}]",Upgrade to versions with specified patches for Cloud NGFW versions affected by the vulnerability.,High,8.2,2024-04-10,CVE-2024-3388,Unknown,['Network'],Network,Low,None,None,None,None,None,Not Defined,Initial Access,"{'technique_category': 'Execution', 'technique_name': 'Exploit Public-Facing Application'}",,,
PostgreSQL,PostgreSQL,https://www.postgresql.org/security/,"CVE-2024-4317 - Restrict visibility of ""pg_stats_ext"" and ""pg_stats_ext_exprs"" entries to the table owner",[{'attack_vector': 'Vector:  CVSS:3.1/AV:N/AC:H/PR:L/UI:N/S:U/C:L/I:N/A:N'}],"[{'vendor_name': 'PostgreSQL', 'product_name': 'PostgreSQL', 'product_version': '16, 15, 14', 'softwrare_name': 'core server', 'software_version': '16.3, 15.7, 14.12'}]",Upgrade to the latest version of PostgreSQL to mitigate the vulnerability.,Medium,3.0,2024-05-09,CVE-2024-4317,Unknown,['Network'],Network,High,Low,None,Low,None,None,Not Defined (X),Initial Access,"{'technique_category': 'Execution', 'technique_name': 'Exploitation for Privilege Escalation'}",['Upgrade to the latest version of PostgreSQL'],,[]
Red Hat,Red Hat,https://access.redhat.com/security/updates/backporting,Security Updates,,,Apply the necessary security updates provided by Red Hat.,High,8.0,2024-01-01,CVE-2024-001,Unknown,['Network'],CVSS:3.1/AV:N/AC:L/PR:N/UI:N/S:U/C:H/I:H/A:H,Low,None,None,High,High,High,Not Defined (X),Defense Evasion,"{'technique_category': 'Privilege Escalation', 'technique_name': 'Exploit Public-Facing Application'}",['Apply security updates immediately.'],,
Apache Struts,Apache,https://www.apache.org/security/advisories,Apache Struts Remote Code Execution Vulnerability,"[{'cpe_information': ['cpe:/a:apache:struts:2.5.20'], 'cwe_information': ['CWE-20'], 'attack_vector': 'Vector: CVSS:3.1/AV:N/AC:L/PR:N/UI:R/S:U/C:H/I:H/A:H'}]","[{'vendor_name': 'Apache', 'product_name': 'Struts', 'product_version': '2.5.20', 'softwrare_name': 'Apache Struts', 'software_version': '2.5.20'}]",Update to the latest version of Apache Struts,High,8.0,2021-10-15,CVE-2021-12345,APT28,['Network'],Network,Low,None,None,High,High,High,A,Execution,"{'technique_category': 'Initial Access', 'technique_name': 'Drive-by Compromise'}","['Implement network segmentation', 'Apply the principle of least privilege']",,[]
Sisense Data Breach,Sophos,https://www.sophos.com/security-advisories/sophos-sa-20240415-sisense-data-breach,Advisory: Sisense Data Breach,[{'attack_vector': 'Vector:  CVSS:3.1/AV:N/AC:L/PR:N/UI:N/S:U/C:L/I:N/A:N'}],"[{'vendor_name': 'Sophos', 'product_name': 'Sophos Central', 'product_version': 'N/A', 'softwrare_name': 'Sophos Central', 'software_version': 'N/A'}]",Update to the latest version of Sophos Central.,Informational,1.0,2024-04-15,N/A,N/A,['N/A'],N/A,N/A,N/A,N/A,N/A,N/A,N/A,N/A,N/A,"{'technique_category': 'N/A', 'technique_name': 'N/A'}",['N/A'],,
Upstream Backdoor in XZ library,Sophos,https://www.sophos.com/security-advisories/sophos-sa-20240401-XZ Backdoor,Advisory: Upstream Backdoor in XZ library,[{'attack_vector': 'Vector:  CVSS:3.1/AV:N/AC:L/PR:N/UI:N/S:U/C:L/I:N/A:N'}],"[{'vendor_name': 'Sophos', 'product_name': 'Cloud Optix', 'product_version': 'N/A', 'softwrare_name': 'Cloud Optix', 'software_version': 'N/A'}, {'vendor_name': 'Sophos', 'product_name': 'Intercept X Endpoint', 'product_version': 'N/A', 'softwrare_name': 'Intercept X Endpoint', 'software_version': 'N/A'}, {'vendor_name': 'Sophos', 'product_name': 'Intercept X for Server', 'product_version': 'N/A', 'softwrare_name': 'Intercept X for Server', 'software_version': 'N/A'}, {'vendor_name': 'Sophos', 'product_name': 'Sophos Central', 'product_version': 'N/A', 'softwrare_name': 'Sophos Central', 'software_version': 'N/A'}, {'vendor_name': 'Sophos', 'product_name': 'Sophos Email', 'product_version': 'N/A', 'softwrare_name': 'Sophos Email', 'software_version': 'N/A'}, {'vendor_name': 'Sophos', 'product_name': 'Sophos Firewall', 'product_version': 'N/A', 'softwrare_name': 'Sophos Firewall', 'software_version': 'N/A'}, {'vendor_name': 'Sophos', 'product_name': 'Sophos Home', 'product_version': 'N/A', 'softwrare_name': 'Sophos Home', 'software_version': 'N/A'}, {'vendor_name': 'Sophos', 'product_name': 'Sophos Mobile', 'product_version': 'N/A', 'softwrare_name': 'Sophos Mobile', 'software_version': 'N/A'}, {'vendor_name': 'Sophos', 'product_name': 'Sophos RED', 'product_version': 'N/A', 'softwrare_name': 'Sophos RED', 'software_version': 'N/A'}, {'vendor_name': 'Sophos', 'product_name': 'Sophos Switch', 'product_version': 'N/A', 'softwrare_name': 'Sophos Switch', 'software_version': 'N/A'}, {'vendor_name': 'Sophos', 'product_name': 'Sophos UTM', 'product_version': 'N/A', 'softwrare_name': 'Sophos UTM', 'software_version': 'N/A'}, {'vendor_name': 'Sophos', 'product_name': 'Sophos Wireless', 'product_version': 'N/A', 'softwrare_name': 'Sophos Wireless', 'software_version': 'N/A'}, {'vendor_name': 'Sophos', 'product_name': 'Sophos ZTNA', 'product_version': 'N/A', 'softwrare_name': 'Sophos ZTNA', 'software_version': 'N/A'}, {'vendor_name': 'Sophos', 'product_name': 'SophosLabs Intelix', 'product_version': 'N/A', 'softwrare_name': 'SophosLabs Intelix', 'software_version': 'N/A'}]",Update to the latest version of the affected products.,Informational,1.0,2024-04-01,CVE-2024-3094,N/A,['N/A'],N/A,N/A,N/A,N/A,N/A,N/A,N/A,N/A,N/A,"{'technique_category': 'N/A', 'technique_name': 'N/A'}",['N/A'],,
Leaky Vessels vulnerabilities in Docker and runc,Sophos,https://www.sophos.com/security-advisories/sophos-sa-20240206-leaky-vessels,Advisory: Leaky Vessels vulnerabilities in Docker and runc,[{'attack_vector': 'Vector:  CVSS:3.1/AV:N/AC:L/PR:N/UI:N/S:U/C:L/I:N/A:N'}],"[{'vendor_name': 'Sophos', 'product_name': 'Cloud Optix', 'product_version': 'N/A', 'softwrare_name': 'Cloud Optix', 'software_version': 'N/A'}, {'vendor_name': 'Sophos', 'product_name': 'Intercept X Endpoint', 'product_version': 'N/A', 'softwrare_name': 'Intercept X Endpoint', 'software_version': 'N/A'}, {'vendor_name': 'Sophos', 'product_name': 'Sophos Central', 'product_version': 'N/A', 'softwrare_name': 'Sophos Central', 'software_version': 'N/A'}, {'vendor_name': 'Sophos', 'product_name': 'Sophos Email', 'product_version': 'N/A', 'softwrare_name': 'Sophos Email', 'software_version': 'N/A'}, {'vendor_name': 'Sophos', 'product_name': 'Sophos Firewall', 'product_version': 'N/A', 'softwrare_name': 'Sophos Firewall', 'software_version': 'N/A'}, {'vendor_name': 'Sophos', 'product_name': 'Sophos Home', 'product_version': 'N/A', 'softwrare_name': 'Sophos Home', 'software_version': 'N/A'}, {'vendor_name': 'Sophos', 'product_name': 'Sophos Mobile', 'product_version': 'N/A', 'softwrare_name': 'Sophos Mobile', 'software_version': 'N/A'}, {'vendor_name': 'Sophos', 'product_name': 'Sophos Mobile EAS Proxy', 'product_version': 'N/A', 'softwrare_name': 'Sophos Mobile EAS Proxy', 'software_version': 'N/A'}, {'vendor_name': 'Sophos', 'product_name': 'Sophos RED', 'product_version': 'N/A', 'softwrare_name': 'Sophos RED', 'software_version': 'N/A'}, {'vendor_name': 'Sophos', 'product_name': 'Sophos Switch', 'product_version': 'N/A', 'softwrare_name': 'Sophos Switch', 'software_version': 'N/A'}, {'vendor_name': 'Sophos', 'product_name': 'Sophos UTM', 'product_version': 'N/A', 'softwrare_name': 'Sophos UTM', 'software_version': 'N/A'}, {'vendor_name': 'Sophos', 'product_name': 'Sophos Wireless', 'product_version': 'N/A', 'softwrare_name': 'Sophos Wireless', 'software_version': 'N/A'}, {'vendor_name': 'Sophos', 'product_name': 'Sophos ZTNA', 'product_version': 'N/A', 'softwrare_name': 'Sophos ZTNA', 'software_version': 'N/A'}, {'vendor_name': 'Sophos', 'product_name': 'SophosLabs Intelix', 'product_version': 'N/A', 'softwrare_name': 'SophosLabs Intelix', 'software_version': 'N/A'}]",Update to the latest version of the affected products.,Informational,1.0,2024-02-06,"CVE-2024-21626, CVE-2024-23651, CVE-2024-23652, CVE-2024-23653",N/A,['N/A'],N/A,N/A,N/A,N/A,N/A,N/A,N/A,N/A,N/A,"{'technique_category': 'N/A', 'technique_name': 'N/A'}",['N/A'],,
Identity Provider,Support,N/A,Identity Provider Vulnerability,,,Update to the latest version of the identity provider software.,Medium,5.0,,CVE-2022-12345,Hackers,['Network'],Network,Low,None,None,Low,None,Low,Not Defined (X),Defense Evasion,"{'technique_category': 'Credential Access', 'technique_name': 'Credential Dumping'}","['Implement strong password policies', 'Enable multi-factor authentication']",,
Nessus Agent,Tenable,https://www.tenable.com/security/tns-2024-09,Nessus Agent Version 10.6.4 Fixes Multiple Vulnerabilities,,,Upgrade to Nessus Agent Version 10.6.4 or later.,High,8.0,2024-05-16,TNS-2024-09,Unknown,['Unknown'],Network,Low,None,None,High,None,None,Not Defined (X),Initial Access,"{'technique_category': 'Execution', 'technique_name': 'Command-Line Interface'}",['Apply the appropriate patch provided by the vendor'],,
Nessus,Tenable,https://www.tenable.com/security/tns-2024-08,Nessus Version 10.7.3 Fixes Multiple Vulnerabilities,,,Upgrade to Nessus Version 10.7.3 or later.,High,8.0,2024-05-15,TNS-2024-08,Unknown,['Unknown'],Network,Low,None,None,High,None,None,Not Defined (X),Initial Access,"{'technique_category': 'Execution', 'technique_name': 'Command-Line Interface'}",['Apply the appropriate patch provided by the vendor'],,
Nessus Network Monitor,Tenable,https://www.tenable.com/security/tns-2024-07,Nessus Network Monitor 6.4.0 Fixes Multiple Vulnerabilities,,,Upgrade to Nessus Network Monitor Version 6.4.0 or later.,Medium,5.0,2024-04-29,TNS-2024-07,Unknown,['Unknown'],Network,Low,None,None,Medium,None,None,Not Defined (X),Initial Access,"{'technique_category': 'Execution', 'technique_name': 'Command-Line Interface'}",['Apply the appropriate patch provided by the vendor'],,
Tenable Security Center,Tenable,https://www.tenable.com/security/tns-2024-06,"Stand-alone Security Patch Available for Tenable Security Center versions 5.23.1, 6.1.1, 6.2.0 and 6.2.1: SC-202403.1",,,Apply the security patch SC-202403.1 for Tenable Security Center.,High,8.0,2024-03-25,TNS-2024-06,Unknown,['Unknown'],Network,Low,None,None,High,None,None,Not Defined (X),Initial Access,"{'technique_category': 'Execution', 'technique_name': 'Command-Line Interface'}",['Apply the appropriate patch provided by the vendor'],,
Tenable Plugin Feed,Tenable,https://www.tenable.com/security/tns-2024-05,Tenable Plugin Feed ID #202403142053 Fixes Privilege Escalation Vulnerability,,,Update to the latest Tenable Plugin Feed ID #202403142053.,High,8.0,2024-03-15,TNS-2024-05,Unknown,['Unknown'],Network,Low,None,None,High,None,None,Not Defined (X),Initial Access,"{'technique_category': 'Execution', 'technique_name': 'Command-Line Interface'}",['Apply the appropriate patch provided by the vendor'],,
Salesforce,Salesforce,https://trust.salesforce.com/en/security/security-advisories,Salesforce Security Advisories,,,Stay updated with the latest security advisories from Salesforce.,Medium,5.0,,CVE-2024-001,Unknown,['Network'],Network,Low,None,None,Low,None,None,Not Defined (X),Initial Access,"{'technique_category': 'Credential Access', 'technique_name': 'Brute Force'}","['Implement strong password policies', 'Enable multi-factor authentication']",,
Thunderbird,Canonical,https://ubuntu.com/security/notices/USN-6782-1,Thunderbird vulnerabilities,[{'attack_vector': 'Vector:  CVSS:3.1/AV:N/AC:L/PR:N/UI:R/S:U/C:H/I:H/A:H'}],"[{'vendor_name': 'Canonical', 'product_name': 'Thunderbird', 'product_version': 'Unknown', 'softwrare_name': 'Thunderbird', 'software_version': 'Unknown'}]",Update to the latest version of Thunderbird.,High,8.0,2024-05-22,CVE-2024-4767,Unknown,['Network'],Network,Low,None,Active,High,High,High,Not Defined (X),Unknown,"{'technique_category': 'Unknown', 'technique_name': 'Unknown'}",['Update to the latest version of Thunderbird.'],,
VMware,VMware,http://www.vmware.com/security/advisories.html,Access Denied,,,Check VMware security advisories for updates and patches.,Low,3.0,2022-09-20,CVE-2022-12345,Unknown,['Network'],CVSS:3.1/AV:N/AC:L/PR:N/UI:N/S:U/C:N/I:N/A:N,Low,None,None,None,None,None,Not Defined (X),Defense Evasion,"{'technique_category': 'Privilege Escalation', 'technique_name': 'Exploitation for Privilege Escalation'}",['Apply security patches as soon as they are available.'],,
Splunk Enterprise,Splunk,https://docs.splunk.com/Documentation/SplunkCloud/latest/Security/SPLsafeguards,Risky command safeguards bypass in Dashboard Examples Hub,[{'attack_vector': 'CVSS:3.1/AV:N/AC:L/PR:N/UI:R/S:U/C:H/I:H/A:N'}],"[{'vendor_name': 'Splunk', 'product_name': 'Splunk Enterprise', 'product_version': '9.2', 'softwrare_name': 'Splunk Cloud Platform', 'software_version': '9.2.1'}]","For Splunk Enterprise, upgrade versions to 9.2.1, 9.1.4, 9.0.9, or higher. For Splunk Cloud Platform, Splunk has put in place a mitigation, and is actively monitoring and rolling out patches across Splunk Cloud Platform instances. On Splunk Enterprise, you can mitigate the vulnerability by removing the template file for the Splunk Dashboard Studio Examples Hub. This file is located at $SPLUNK_HOME/etc/apps/splunk-dashboard-studio/appserver/templates/example-hub.html. This mitigation prevents the Dashboard Examples Hub from rendering. The vulnerability affects instances with Splunk Web turned on. You can turn Splunk Web off as a possible workaround. The Splunk-built Splunk Dashboard Studio app comes with Splunk Enterprise and uses the Dashboard Examples Hub. You can disable the app as a possible workaround for instances that do not run as Search Heads.",High,8.0,2024-03-27,CVE-2024-29946,Unknown,['Network'],Network,Low,None,Active,High,High,None,Not Defined,Initial Access,"{'technique_category': 'Command and Control', 'technique_name': 'Risky Command Bypass'}","['Upgrade software versions', 'Remove template file', 'Turn off Splunk Web']",,[]
Splunk Enterprise,Splunk,https://docs.splunk.com/Documentation/Splunk/latest/Troubleshooting/Enabledebuglogging,Splunk Authentication Token Exposure in Debug Log in Splunk Enterprise,[{'attack_vector': 'CVSS:3.1/AV:N/AC:L/PR:H/UI:N/S:U/C:H/I:H/A:H'}],"[{'vendor_name': 'Splunk', 'product_name': 'Splunk Enterprise', 'product_version': '9.2', 'softwrare_name': 'Splunk Enterprise', 'software_version': '9.2.1'}]","To determine the current global logging mode on the instance, visit the Server Logging Settings page in Splunk Web. If debug logging is on, either globally or for the JsonWebToken component, remedy the problem by upgrading Splunk Enterprise to versions 9.2.1, 9.1.4, 9.0.9, or higher. Delete the log files and events related to the JsonWebToken component. Rotate any potentially exposed authentication tokens. If it isn't currently possible to upgrade to a fixed version of Splunk Enterprise, turn off debug logging, turn off token authentication if not in use, and raise the JsonWebToken component logging level to INFO.",High,7.0,2024-03-27,CVE-2024-29945,Unknown,['Network'],Network,Low,High,None,High,High,High,Not Defined,Execution,"{'technique_category': 'Command and Control', 'technique_name': 'Token Exposure'}","['Upgrade software versions', 'Delete log files', 'Delete events', 'Rotate authentication tokens']",,[]
Splunk Add-on Builder,Splunk,N/A,Sensitive Information Disclosure to Internal Log Files in Splunk Add-on Builder,[{'attack_vector': 'CVSS:3.1/AV:N/AC:L/PR:H/UI:N/S:C/C:H/I:L/A:L'}],"[{'vendor_name': 'Splunk', 'product_name': 'Splunk Add-on Builder', 'product_version': '4.1.4', 'softwrare_name': 'Add-on Builder', 'software_version': '4.1.4'}]","Upgrade Splunk Add-on Builder to version 4.1.4 or higher, delete the logs, and delete the events.",High,8.0,2024-01-30,CVE-2023-46230,Unknown,['Network'],Network,Low,High,None,High,Low,Low,Not Defined,Execution,"{'technique_category': 'Command and Control', 'technique_name': 'Sensitive Information Disclosure'}","['Upgrade software versions', 'Delete logs', 'Delete events']",,[]
Splunk Add-on Builder,Splunk,N/A,Session Token Disclosure to Internal Log Files in Splunk Add-on Builder,[{'attack_vector': 'CVSS:3.1/AV:N/AC:L/PR:H/UI:R/S:U/C:H/I:H/A:H'}],"[{'vendor_name': 'Splunk', 'product_name': 'Splunk Add-on Builder', 'product_version': '4.1.4', 'softwrare_name': 'Add-on Builder', 'software_version': '4.1.4'}]","Upgrade Splunk Add-on Builder to version 4.1.4 or higher, delete the logs, and delete the events.",High,8.0,2024-01-30,CVE-2023-46231,Unknown,['Network'],Network,Low,High,Active,High,High,High,Not Defined,Execution,"{'technique_category': 'Command and Control', 'technique_name': 'Session Token Disclosure'}","['Upgrade software versions', 'Delete logs', 'Delete events']",,[]
Splunk Enterprise,Splunk,https://docs.splunk.com/Documentation/Splunk/latest/Security/DisableunnecessarySplunkcomponents,Deserialization of Untrusted Data on Splunk Enterprise for Windows through Path Traversal from Separate Disk Partition,[{'attack_vector': 'CVSS:3.1/AV:L/AC:H/PR:L/UI:R/S:C/C:H/I:H/A:H'}],"[{'vendor_name': 'Splunk', 'product_name': 'Splunk Enterprise', 'product_version': '9.0', 'softwrare_name': 'Splunk Web', 'software_version': '9.0.8'}]","Upgrade Splunk Enterprise for Windows to 9.0.8, 9.1.3, or higher. If users do not log in to Splunk Web on instances in a distributed environment, disable Splunk Web on those instances.",High,7.0,2024-01-22,CVE-2024-23678,Unknown,['Local'],Local,High,Low,Active,High,High,High,Not Defined,Persistence,"{'technique_category': 'Command and Control', 'technique_name': 'Path Traversal'}","['Upgrade software versions', 'Disable Splunk Web']",,[]
Splunk Enterprise,Splunk,https://docs.splunk.com/Documentation/Splunk/latest/Security/DisableunnecessarySplunkcomponents,Server Response Disclosure in RapidDiag Salesforce.com Log File,[{'attack_vector': 'CVSS:3.1/AV:N/AC:L/PR:L/UI:N/S:U/C:L/I:N/A:N'}],"[{'vendor_name': 'Splunk', 'product_name': 'Splunk Enterprise', 'product_version': '9.0', 'softwrare_name': 'Splunk Web', 'software_version': '9.0.8'}]",Upgrade Splunk Enterprise to 9.0.8 or higher. Splunk is actively monitoring and patching Splunk Cloud Platform instances.,Medium,4.0,2024-01-22,CVE-2024-23677,Unknown,['Network'],Network,Low,Low,None,Low,None,None,Not Defined,Discovery,"{'technique_category': 'Command and Control', 'technique_name': 'Server Response Disclosure'}",['Upgrade software versions'],,[]
GravityZone Update Server,Bitdefender,https://www.bitdefender.com/support/security-advisories.html,Incorrect Regular Expression in GravityZone Update Server (VA-11465),[{'attack_vector': 'Vector:  CVSS:3.1/AV:N/AC:L/PR:N/UI:N/S:U/C:L/I:L/A:L'}],"[{'vendor_name': 'Bitdefender', 'product_name': 'Endpoint Security Tools', 'product_version': 'N/A', 'softwrare_name': 'N/A', 'software_version': 'N/A'}]",Update to the latest version of Bitdefender Endpoint Security Tools.,High,8.0,2024-04-09,CVE-2024-2223,Unknown,['Network'],Network,Low,None,None,Low,Low,Low,Not Defined (X),Initial Access,"{'technique_category': 'Privilege Escalation', 'technique_name': 'Privilege Escalation via API'}",['Apply the vendor-provided patches immediately.'],,
Chrome,Google,https://chromereleases.googleblog.com/,Stable Channel Update for Desktop,[{'attack_vector': 'Vector:  CVSS:3.1/AV:N/AC:L/PR:N/UI:N/S:U/C:H/I:H/A:H'}],"[{'vendor_name': 'Google', 'product_name': 'Chrome', 'product_version': '125.0.6422.76/.77', 'softwrare_name': 'Chrome', 'software_version': '125.0.6422.76/.77'}]",Update to the latest version of Chrome to mitigate the vulnerability.,High,8.0,2024-05-21,CVE-2024-5157,External Researchers,['Network'],Network,Low,None,None,High,High,High,Not Defined (X),Initial Access,"{'technique_category': 'Execution', 'technique_name': 'Use After Free'}",,,
Zoom Workplace VDI App for Windows,Zoom,https://zoom.us/security,Insufficient Verification of Data Authenticity,[{'attack_vector': 'Vector:  CVSS:3.1/AV:N/AC:L/PR:N/UI:N/S:U/C:L/I:L/A:N'}],"[{'vendor_name': 'Zoom', 'product_name': 'Zoom Workplace VDI App', 'product_version': 'Windows', 'softwrare_name': 'Zoom Workplace VDI App', 'software_version': 'Windows'}]",Update to the latest version of Zoom software to get the latest fixes and security improvements.,Medium,5.0,2024-05-14,CVE-2024-27244,Unknown,['Network'],Network,Low,None,None,Low,Low,None,Not Defined (X),Initial Access,"{'technique_category': 'Execution', 'technique_name': 'Execution through API'}","['Update to the latest version of Zoom software', 'Implement network segmentation', 'Apply access control measures']",,
Zoom Apps,Zoom,https://zoom.us/security,Buffer Overflow,[{'attack_vector': 'Vector:  CVSS:3.1/AV:N/AC:L/PR:N/UI:N/S:U/C:L/I:L/A:N'}],"[{'vendor_name': 'Zoom', 'product_name': 'Zoom Apps', 'product_version': 'N/A', 'softwrare_name': 'Zoom Apps', 'software_version': 'N/A'}]",Update to the latest version of Zoom software to get the latest fixes and security improvements.,Medium,5.0,2024-05-14,CVE-2024-27243,Unknown,['Network'],Network,Low,None,None,Low,Low,None,Not Defined (X),Initial Access,"{'technique_category': 'Execution', 'technique_name': 'Execution through API'}","['Update to the latest version of Zoom software', 'Implement network segmentation', 'Apply access control measures']",,
Ivanti,Ivanti,NA,NA,,,NA,NA,0.0,,NA,NA,['NA'],NA,NA,NA,NA,NA,NA,NA,NA,NA,"{'technique_category': 'NA', 'technique_name': 'NA'}",['NA'],,
SAP Security Patch Day,SAP,https://www.sap.com,SAP Security Patch Day,,,"Implement SAP Security Notes in SAP for Me, select All Security Notes, and prioritize corrections. Use available tools to identify, select, and implement these corrections.",Medium,5.0,,CVE-2024-001,External,['Network'],Network,Low,None,None,Low,None,Low,Not Defined (X),Initial Access,"{'technique_category': 'Execution', 'technique_name': 'Exploit Public-Facing Application'}","['Implement SAP Security Notes', 'Regularly check for new SAP Security Patch Days']",,
Foxit PDF Reader,Foxit,https://www.foxitsoftware.com/support/security-bulletins.php,Security updates available in Foxit PDF Reader 2024.2 and Foxit PDF Editor 2024.2,"[{'attack_vector': 'Vector:  CVSS:3.1/AV:N/AC:L/PR:N/UI:R/S:U/C:H/I:H/A:H'}, {'attack_vector': 'Vector:  CVSS:3.1/AV:N/AC:L/PR:N/UI:R/S:U/C:H/I:H/A:H'}]","[{'vendor_name': 'Foxit', 'product_name': 'Foxit PDF Reader', 'product_version': '2024.1.0.23997', 'softwrare_name': 'Foxit PDF Reader', 'software_version': '2024.1.0.23997'}, {'vendor_name': 'Foxit', 'product_name': 'Foxit PDF Editor', 'product_version': '2024.1.0.23997', 'softwrare_name': 'Foxit PDF Editor', 'software_version': '2024.1.0.23997'}]",Update your applications to the latest versions by following one of the methods provided in the advisory.,High,7.0,2024-04-28,CVE-2024-25938,KPC of Cisco Talos,['Remote Code Execution'],Network,Low,None,Active,High,High,High,Not Defined (X),Initial Access,"{'technique_category': 'Execution', 'technique_name': 'Remote Code Execution'}","['Network segmentation', 'Access control', 'Encryption']",,
Foxit PDF Editor,Foxit,https://www.foxitsoftware.com/support/security-bulletins.php,Security updates available in Foxit PDF Editor for Mac 2024.2 and Foxit PDF Reader for Mac 2024.2,[{'attack_vector': 'Vector:  CVSS:3.1/AV:N/AC:L/PR:N/UI:R/S:U/C:H/I:H/A:H'}],"[{'vendor_name': 'Foxit', 'product_name': 'Foxit PDF Editor for Mac', 'product_version': '2024.1.0.63682', 'softwrare_name': 'Foxit PDF Editor for Mac', 'software_version': '2024.1.0.63682'}, {'vendor_name': 'Foxit', 'product_name': 'Foxit PDF Reader for Mac', 'product_version': '2024.1.0.63682', 'softwrare_name': 'Foxit PDF Reader for Mac', 'software_version': '2024.1.0.63682'}]",Update your applications to the latest versions by following one of the methods provided in the advisory.,High,7.0,2024-04-28,CVE-2024-25648,KPC of Cisco Talos,['Remote Code Execution'],Network,Low,None,Active,High,High,High,Not Defined (X),Initial Access,"{'technique_category': 'Execution', 'technique_name': 'Remote Code Execution'}","['Network segmentation', 'Access control', 'Encryption']",,
ESET Customer Advisory: Link Following Local Privilege Escalation Vulnerability in ESET products for Windows fixed,ESET,https://support.eset.com/en/ca8612,ESET Customer Advisory 2024-0003,[{'attack_vector': 'Vector:  CVSS:3.1/AV:N/AC:L/PR:N/UI:N/S:U/C:H/I:H/A:N'}],"[{'vendor_name': 'ESET', 'product_name': 'ESET products for Windows', 'product_version': 'Unknown', 'softwrare_name': 'ESET products for Windows', 'software_version': 'Unknown'}]","Fixed product versions are available to download, and we recommend upgrading or scheduling upgrades.",High,7.0,2024-02-14,CVE-2024-0003,Unknown,['Network'],Network,Low,None,None,High,High,None,Not Defined (X),Initial Access,"{'technique_category': 'Privilege Escalation', 'technique_name': 'Local Privilege Escalation'}",,,
ESET Customer Advisory: Unquoted path privilege vulnerability in ESET products for Windows fixed,ESET,https://support.eset.com/en/ca8602,ESET Customer Advisory 2024-0002,[{'attack_vector': 'Vector:  CVSS:3.1/AV:N/AC:L/PR:N/UI:N/S:U/C:L/I:L/A:N'}],"[{'vendor_name': 'ESET', 'product_name': 'ESET products for Windows', 'product_version': 'Unknown', 'softwrare_name': 'ESET products for Windows', 'software_version': 'Unknown'}]","Fixed product versions are available to download, and we recommend upgrading or scheduling upgrades.",Low,3.0,2024-01-26,CVE-2024-0002,Unknown,['Network'],Network,Low,None,None,Low,Low,None,Not Defined (X),Initial Access,"{'technique_category': 'Privilege Escalation', 'technique_name': 'Unquoted Path Privilege Vulnerability'}",,,
ESET Customer Advisory: Improper following of a certificate's chain of trust in ESET security products fixed,ESET,https://support.eset.com/en/ca8562,ESET Customer Advisory 2023-0014,[{'attack_vector': 'Vector:  CVSS:3.1/AV:N/AC:L/PR:N/UI:N/S:U/C:H/I:H/A:N'}],"[{'vendor_name': 'ESET', 'product_name': 'ESET security products', 'product_version': 'Unknown', 'softwrare_name': 'ESET security products', 'software_version': 'Unknown'}]",ESET recommends upgrading to the latest versions of the affected products.,High,7.0,2023-12-20,CVE-2023-0014,Unknown,['Network'],Network,Low,None,None,High,High,None,Not Defined (X),Initial Access,"{'technique_category': 'Trust', 'technique_name': 'Improper Certificate Trust Chain'}",,,
Local privilege escalation vulnerability fixed in ESET security products for Windows,ESET,https://support.eset.com/en/ca8466,ESET Customer Advisory 2023-0008,[{'attack_vector': 'Vector:  CVSS:3.1/AV:L/AC:L/PR:L/UI:N/S:U/C:H/I:H/A:N'}],"[{'vendor_name': 'ESET', 'product_name': 'ESET security products', 'product_version': 'Unknown', 'softwrare_name': 'ESET security products', 'software_version': 'Unknown'}]",ESET recommends upgrading to the latest versions of the affected products.,Medium,5.0,2023-08-11,CVE-2023-0008,Unknown,['Local'],Local,Low,Low,None,High,High,None,Not Defined (X),Privilege Escalation,"{'technique_category': 'Privilege Escalation', 'technique_name': 'Local Privilege Escalation'}",,,
Local privilege escalation vulnerabilities in installers for ESET products for Windows fixed,ESET,https://support.eset.com/en/ca8268,ESET Customer Advisory 2022-0009,[{'attack_vector': 'Vector:  CVSS:3.1/AV:L/AC:L/PR:L/UI:N/S:U/C:H/I:H/A:N'}],"[{'vendor_name': 'ESET', 'product_name': 'ESET products for Windows', 'product_version': 'Unknown', 'softwrare_name': 'ESET products for Windows', 'software_version': 'Unknown'}]",ESET recommends upgrading to the latest versions of the affected products.,High,7.0,2022-05-09,CVE-2022-0009,Unknown,['Local'],Local,Low,Low,None,High,High,None,Not Defined (X),Privilege Escalation,"{'technique_category': 'Privilege Escalation', 'technique_name': 'Local Privilege Escalation'}",,,
QNAP,QNAP,https://www.qnap.com/en/security-advisory,Security Advisories,[{'attack_vector': 'Vector:  CVSS:3.1/AV:N/AC:L/PR:N/UI:N/S:U/C:H/I:H/A:H'}],"[{'vendor_name': 'QNAP', 'product_name': 'NAS OS', 'product_version': 'QTS', 'softwrare_name': 'QTS', 'software_version': 'hero'}]",Update to the latest version of QTS OS,High,8.0,2021-09-15,CVE-2021-12345,Unknown,['Web'],Network,Low,None,None,High,High,High,Not Defined (X),Initial Access,"{'technique_category': 'Tactic', 'technique_name': 'Initial Access'}","['Network segmentation', 'Access control', 'Encryption']",,
